date,total_cases,new_cases,new_cases_smoothed,total_deaths,new_deaths,new_deaths_smoothed,total_cases_per_million,new_cases_per_million,new_cases_smoothed_per_million,total_deaths_per_million,new_deaths_per_million,new_deaths_smoothed_per_million,new_tests,total_tests,total_tests_per_thousand,new_tests_per_thousand,new_tests_smoothed,new_tests_smoothed_per_thousand,positive_rate,tests_per_case,tests_units,population,population_density,median_age,aged_65_older,aged_70_older,life_expectancy
2020-01-30,1.0,1.0,,,,,0.001,0.001,,,,,,,,,,,,,,1380004385.0,450.41900000000004,28.2,5.989,3.4139999999999997,69.66
2020-01-31,1.0,0.0,,,,,0.001,0.0,,,,,,,,,,,,,,1380004385.0,450.41900000000004,28.2,5.989,3.4139999999999997,69.66
2020-02-01,1.0,0.0,,,,,0.001,0.0,,,,,,,,,,,,,,1380004385.0,450.41900000000004,28.2,5.989,3.4139999999999997,69.66
2020-02-02,2.0,1.0,,,,,0.001,0.001,,,,,,,,,,,,,,1380004385.0,450.41900000000004,28.2,5.989,3.4139999999999997,69.66
2020-02-03,3.0,1.0,,,,,0.002,0.001,,,,,,,,,,,,,,1380004385.0,450.41900000000004,28.2,5.989,3.4139999999999997,69.66
2020-02-04,3.0,0.0,0.429,,,0.0,0.002,0.0,0.0,,,0.0,,,,,,,,,,1380004385.0,450.41900000000004,28.2,5.989,3.4139999999999997,69.66
2020-02-05,3.0,0.0,0.429,,,0.0,0.002,0.0,0.0,,,0.0,,,,,,,,,,1380004385.0,450.41900000000004,28.2,5.989,3.4139999999999997,69.66
2020-02-06,3.0,0.0,0.28600000000000003,,,0.0,0.002,0.0,0.0,,,0.0,,,,,,,,,,1380004385.0,450.41900000000004,28.2,5.989,3.4139999999999997,69.66
2020-02-07,3.0,0.0,0.28600000000000003,,,0.0,0.002,0.0,0.0,,,0.0,,,,,,,,,,1380004385.0,450.41900000000004,28.2,5.989,3.4139999999999997,69.66
2020-02-08,3.0,0.0,0.28600000000000003,,,0.0,0.002,0.0,0.0,,,0.0,,,,,,,,,,1380004385.0,450.41900000000004,28.2,5.989,3.4139999999999997,69.66
2020-02-09,3.0,0.0,0.14300000000000002,,,0.0,0.002,0.0,0.0,,,0.0,,,,,,,,,,1380004385.0,450.41900000000004,28.2,5.989,3.4139999999999997,69.66
2020-02-10,3.0,0.0,0.0,,,0.0,0.002,0.0,0.0,,,0.0,,,,,,,,,,1380004385.0,450.41900000000004,28.2,5.989,3.4139999999999997,69.66
2020-02-11,3.0,0.0,0.0,,,0.0,0.002,0.0,0.0,,,0.0,,,,,,,,,,1380004385.0,450.41900000000004,28.2,5.989,3.4139999999999997,69.66
2020-02-12,3.0,0.0,0.0,,,0.0,0.002,0.0,0.0,,,0.0,,,,,,,,,,1380004385.0,450.41900000000004,28.2,5.989,3.4139999999999997,69.66
2020-02-13,3.0,0.0,0.0,,,0.0,0.002,0.0,0.0,,,0.0,,,,,,,,,,1380004385.0,450.41900000000004,28.2,5.989,3.4139999999999997,69.66
2020-02-14,3.0,0.0,0.0,,,0.0,0.002,0.0,0.0,,,0.0,,,,,,,,,,1380004385.0,450.41900000000004,28.2,5.989,3.4139999999999997,69.66
2020-02-15,3.0,0.0,0.0,,,0.0,0.002,0.0,0.0,,,0.0,,,,,,,,,,1380004385.0,450.41900000000004,28.2,5.989,3.4139999999999997,69.66
2020-02-16,3.0,0.0,0.0,,,0.0,0.002,0.0,0.0,,,0.0,,,,,,,,,,1380004385.0,450.41900000000004,28.2,5.989,3.4139999999999997,69.66
2020-02-17,3.0,0.0,0.0,,,0.0,0.002,0.0,0.0,,,0.0,,,,,,,,,,1380004385.0,450.41900000000004,28.2,5.989,3.4139999999999997,69.66
2020-02-18,3.0,0.0,0.0,,,0.0,0.002,0.0,0.0,,,0.0,,,,,,,,,,1380004385.0,450.41900000000004,28.2,5.989,3.4139999999999997,69.66
2020-02-19,3.0,0.0,0.0,,,0.0,0.002,0.0,0.0,,,0.0,,,,,,,,,,1380004385.0,450.41900000000004,28.2,5.989,3.4139999999999997,69.66
2020-02-20,3.0,0.0,0.0,,,0.0,0.002,0.0,0.0,,,0.0,,,,,,,,,,1380004385.0,450.41900000000004,28.2,5.989,3.4139999999999997,69.66
2020-02-21,3.0,0.0,0.0,,,0.0,0.002,0.0,0.0,,,0.0,,,,,,,,,,1380004385.0,450.41900000000004,28.2,5.989,3.4139999999999997,69.66
2020-02-22,3.0,0.0,0.0,,,0.0,0.002,0.0,0.0,,,0.0,,,,,,,,,,1380004385.0,450.41900000000004,28.2,5.989,3.4139999999999997,69.66
2020-02-23,3.0,0.0,0.0,,,0.0,0.002,0.0,0.0,,,0.0,,,,,,,,,,1380004385.0,450.41900000000004,28.2,5.989,3.4139999999999997,69.66
2020-02-24,3.0,0.0,0.0,,,0.0,0.002,0.0,0.0,,,0.0,,,,,,,,,,1380004385.0,450.41900000000004,28.2,5.989,3.4139999999999997,69.66
2020-02-25,3.0,0.0,0.0,,,0.0,0.002,0.0,0.0,,,0.0,,,,,,,,,,1380004385.0,450.41900000000004,28.2,5.989,3.4139999999999997,69.66
2020-02-26,3.0,0.0,0.0,,,0.0,0.002,0.0,0.0,,,0.0,,,,,,,,,,1380004385.0,450.41900000000004,28.2,5.989,3.4139999999999997,69.66
2020-02-27,3.0,0.0,0.0,,,0.0,0.002,0.0,0.0,,,0.0,,,,,,,,,,1380004385.0,450.41900000000004,28.2,5.989,3.4139999999999997,69.66
2020-02-28,3.0,0.0,0.0,,,0.0,0.002,0.0,0.0,,,0.0,,,,,,,,,,1380004385.0,450.41900000000004,28.2,5.989,3.4139999999999997,69.66
2020-02-29,3.0,0.0,0.0,,,0.0,0.002,0.0,0.0,,,0.0,,,,,,,,,,1380004385.0,450.41900000000004,28.2,5.989,3.4139999999999997,69.66
2020-03-01,3.0,0.0,0.0,,,0.0,0.002,0.0,0.0,,,0.0,,,,,,,,,,1380004385.0,450.41900000000004,28.2,5.989,3.4139999999999997,69.66
2020-03-02,5.0,2.0,0.28600000000000003,,,0.0,0.004,0.001,0.0,,,0.0,,,,,,,,,,1380004385.0,450.41900000000004,28.2,5.989,3.4139999999999997,69.66
2020-03-03,5.0,0.0,0.28600000000000003,,,0.0,0.004,0.0,0.0,,,0.0,,,,,,,,,,1380004385.0,450.41900000000004,28.2,5.989,3.4139999999999997,69.66
2020-03-04,28.0,23.0,3.571,,,0.0,0.02,0.017,0.003,,,0.0,,,,,,,,,,1380004385.0,450.41900000000004,28.2,5.989,3.4139999999999997,69.66
2020-03-05,30.0,2.0,3.8569999999999998,,,0.0,0.022000000000000002,0.001,0.003,,,0.0,,,,,,,,,,1380004385.0,450.41900000000004,28.2,5.989,3.4139999999999997,69.66
2020-03-06,31.0,1.0,4.0,,,0.0,0.022000000000000002,0.001,0.003,,,0.0,,,,,,,,,,1380004385.0,450.41900000000004,28.2,5.989,3.4139999999999997,69.66
2020-03-07,34.0,3.0,4.428999999999999,,,0.0,0.025,0.002,0.003,,,0.0,,,,,,,,,,1380004385.0,450.41900000000004,28.2,5.989,3.4139999999999997,69.66
2020-03-08,39.0,5.0,5.143,,,0.0,0.027999999999999997,0.004,0.004,,,0.0,,,,,,,,,,1380004385.0,450.41900000000004,28.2,5.989,3.4139999999999997,69.66
2020-03-09,43.0,4.0,5.428999999999999,,,0.0,0.031,0.003,0.004,,,0.0,,,,,,,,,,1380004385.0,450.41900000000004,28.2,5.989,3.4139999999999997,69.66
2020-03-10,56.0,13.0,7.2860000000000005,,,0.0,0.040999999999999995,0.009000000000000001,0.005,,,0.0,,,,,,,,,,1380004385.0,450.41900000000004,28.2,5.989,3.4139999999999997,69.66
2020-03-11,62.0,6.0,4.857,1.0,1.0,0.14300000000000002,0.045,0.004,0.004,0.001,0.001,0.0,,,,,,,,,,1380004385.0,450.41900000000004,28.2,5.989,3.4139999999999997,69.66
2020-03-12,73.0,11.0,6.143,1.0,0.0,0.14300000000000002,0.053,0.008,0.004,0.001,0.0,0.0,,,,,,,,,,1380004385.0,450.41900000000004,28.2,5.989,3.4139999999999997,69.66
2020-03-13,82.0,9.0,7.2860000000000005,2.0,1.0,0.28600000000000003,0.059000000000000004,0.006999999999999999,0.005,0.001,0.001,0.0,,6500.0,0.005,,,,,,samples tested,1380004385.0,450.41900000000004,28.2,5.989,3.4139999999999997,69.66
2020-03-14,102.0,20.0,9.714,2.0,0.0,0.28600000000000003,0.07400000000000001,0.013999999999999999,0.006999999999999999,0.001,0.0,0.0,,,,,,,,,samples tested,1380004385.0,450.41900000000004,28.2,5.989,3.4139999999999997,69.66
2020-03-15,113.0,11.0,10.571,2.0,0.0,0.28600000000000003,0.08199999999999999,0.008,0.008,0.001,0.0,0.0,,,,,,,,,samples tested,1380004385.0,450.41900000000004,28.2,5.989,3.4139999999999997,69.66
2020-03-16,119.0,6.0,10.857000000000001,2.0,0.0,0.28600000000000003,0.086,0.004,0.008,0.001,0.0,0.0,,,,,,,,,samples tested,1380004385.0,450.41900000000004,28.2,5.989,3.4139999999999997,69.66
2020-03-17,142.0,23.0,12.286,3.0,1.0,0.429,0.10300000000000001,0.017,0.009000000000000001,0.002,0.001,0.0,,,,,,,,,samples tested,1380004385.0,450.41900000000004,28.2,5.989,3.4139999999999997,69.66
2020-03-18,156.0,14.0,13.429,3.0,0.0,0.28600000000000003,0.113,0.01,0.01,0.002,0.0,0.0,,13125.0,0.01,,,,,,samples tested,1380004385.0,450.41900000000004,28.2,5.989,3.4139999999999997,69.66
2020-03-19,194.0,38.0,17.285999999999998,4.0,1.0,0.429,0.141,0.027999999999999997,0.013000000000000001,0.003,0.001,0.0,191.0,13316.0,0.01,0.0,,,,,samples tested,1380004385.0,450.41900000000004,28.2,5.989,3.4139999999999997,69.66
2020-03-20,244.0,50.0,23.143,5.0,1.0,0.429,0.177,0.036000000000000004,0.017,0.004,0.001,0.0,1060.0,14376.0,0.01,0.001,1125.0,0.001,0.021,48.6,samples tested,1380004385.0,450.41900000000004,28.2,5.989,3.4139999999999997,69.66
2020-03-21,330.0,86.0,32.571,4.0,-1.0,0.28600000000000003,0.239,0.062,0.024,0.003,-0.001,0.0,1325.0,15701.0,0.011000000000000001,0.001,1125.0,0.001,0.028999999999999998,34.5,samples tested,1380004385.0,450.41900000000004,28.2,5.989,3.4139999999999997,69.66
2020-03-22,396.0,66.0,40.429,7.0,3.0,0.7140000000000001,0.287,0.048,0.028999999999999998,0.005,0.002,0.001,1298.0,16999.0,0.012,0.001,1121.0,0.001,0.036000000000000004,27.7,samples tested,1380004385.0,450.41900000000004,28.2,5.989,3.4139999999999997,69.66
2020-03-23,499.0,103.0,54.286,10.0,3.0,1.143,0.36200000000000004,0.075,0.039,0.006999999999999999,0.002,0.001,3708.0,20707.0,0.015,0.003,1462.0,0.001,0.037000000000000005,26.9,samples tested,1380004385.0,450.41900000000004,28.2,5.989,3.4139999999999997,69.66
2020-03-24,536.0,37.0,56.286,10.0,0.0,1.0,0.38799999999999996,0.027000000000000003,0.040999999999999995,0.006999999999999999,0.0,0.001,157.0,20864.0,0.015,0.0,1295.0,0.001,0.043,23.0,samples tested,1380004385.0,450.41900000000004,28.2,5.989,3.4139999999999997,69.66
2020-03-25,657.0,121.0,71.571,12.0,2.0,1.286,0.47600000000000003,0.08800000000000001,0.052000000000000005,0.009000000000000001,0.001,0.001,4280.0,25144.0,0.018000000000000002,0.003,1717.0,0.001,0.042,24.0,samples tested,1380004385.0,450.41900000000004,28.2,5.989,3.4139999999999997,69.66
2020-03-26,727.0,70.0,76.143,20.0,8.0,2.286,0.527,0.051,0.055,0.013999999999999999,0.006,0.002,,,,,1871.0,0.001,0.040999999999999995,24.6,samples tested,1380004385.0,450.41900000000004,28.2,5.989,3.4139999999999997,69.66
2020-03-27,887.0,160.0,91.85700000000001,20.0,0.0,2.1430000000000002,0.643,0.11599999999999999,0.067,0.013999999999999999,0.0,0.002,,27688.0,0.02,,1902.0,0.001,0.048,20.7,samples tested,1380004385.0,450.41900000000004,28.2,5.989,3.4139999999999997,69.66
2020-03-28,987.0,100.0,93.85700000000001,24.0,4.0,2.8569999999999998,0.715,0.07200000000000001,0.068,0.017,0.003,0.002,,,,,2195.0,0.002,0.043,23.4,samples tested,1380004385.0,450.41900000000004,28.2,5.989,3.4139999999999997,69.66
2020-03-29,1024.0,37.0,89.714,27.0,3.0,2.8569999999999998,0.742,0.027000000000000003,0.065,0.02,0.002,0.002,,,,,2492.0,0.002,0.036000000000000004,27.8,samples tested,1380004385.0,450.41900000000004,28.2,5.989,3.4139999999999997,69.66
2020-03-30,1251.0,227.0,107.429,32.0,5.0,3.1430000000000002,0.907,0.16399999999999998,0.078,0.023,0.004,0.002,,,,,2445.0,0.002,0.044000000000000004,22.8,samples tested,1380004385.0,450.41900000000004,28.2,5.989,3.4139999999999997,69.66
2020-03-31,1397.0,146.0,123.0,35.0,3.0,3.571,1.012,0.106,0.08900000000000001,0.025,0.002,0.003,,,,,2905.0,0.002,0.042,23.6,samples tested,1380004385.0,450.41900000000004,28.2,5.989,3.4139999999999997,69.66
2020-04-01,1998.0,601.0,191.571,58.0,23.0,6.571000000000001,1.4480000000000002,0.436,0.139,0.042,0.017,0.005,,,,,2776.0,0.002,0.069,14.5,samples tested,1380004385.0,450.41900000000004,28.2,5.989,3.4139999999999997,69.66
2020-04-02,2543.0,545.0,259.42900000000003,72.0,14.0,7.428999999999999,1.8430000000000002,0.395,0.188,0.052000000000000005,0.01,0.005,,47951.0,0.035,,3076.0,0.002,0.084,11.9,samples tested,1380004385.0,450.41900000000004,28.2,5.989,3.4139999999999997,69.66
2020-04-03,2567.0,24.0,240.0,72.0,0.0,7.428999999999999,1.86,0.017,0.174,0.052000000000000005,0.0,0.005,21294.0,69245.0,0.05,0.015,5937.0,0.004,0.04,24.7,samples tested,1380004385.0,450.41900000000004,28.2,5.989,3.4139999999999997,69.66
2020-04-04,3082.0,515.0,299.286,86.0,14.0,8.857000000000001,2.233,0.373,0.217,0.062,0.01,0.006,10705.0,79950.0,0.057999999999999996,0.008,6984.0,0.005,0.043,23.3,samples tested,1380004385.0,450.41900000000004,28.2,5.989,3.4139999999999997,69.66
2020-04-05,3588.0,506.0,366.286,99.0,13.0,10.286,2.6,0.36700000000000005,0.265,0.07200000000000001,0.009000000000000001,0.006999999999999999,9584.0,89534.0,0.065,0.006999999999999999,7870.0,0.006,0.047,21.5,samples tested,1380004385.0,450.41900000000004,28.2,5.989,3.4139999999999997,69.66
2020-04-06,4778.0,1190.0,503.85699999999997,136.0,37.0,14.857000000000001,3.4619999999999997,0.862,0.365,0.099,0.027000000000000003,0.011000000000000001,11534.0,101068.0,0.073,0.008,9036.0,0.006999999999999999,0.055999999999999994,17.9,samples tested,1380004385.0,450.41900000000004,28.2,5.989,3.4139999999999997,69.66
2020-04-07,5311.0,533.0,559.143,150.0,14.0,16.429000000000002,3.8489999999999998,0.386,0.405,0.109,0.01,0.012,12947.0,114015.0,0.083,0.009000000000000001,10403.0,0.008,0.054000000000000006,18.6,samples tested,1380004385.0,450.41900000000004,28.2,5.989,3.4139999999999997,69.66
2020-04-08,5916.0,605.0,559.714,178.0,28.0,17.143,4.287,0.43799999999999994,0.406,0.129,0.02,0.012,13904.0,127919.0,0.09300000000000001,0.01,11906.0,0.009000000000000001,0.047,21.3,samples tested,1380004385.0,450.41900000000004,28.2,5.989,3.4139999999999997,69.66
2020-04-09,6725.0,809.0,597.429,226.0,48.0,22.0,4.873,0.586,0.433,0.16399999999999998,0.035,0.016,16991.0,144910.0,0.105,0.012,13851.0,0.01,0.043,23.2,samples tested,1380004385.0,450.41900000000004,28.2,5.989,3.4139999999999997,69.66
2020-04-10,7598.0,873.0,718.7139999999999,246.0,20.0,24.857,5.506,0.633,0.521,0.17800000000000002,0.013999999999999999,0.018000000000000002,16420.0,161330.0,0.11699999999999999,0.012,13155.0,0.01,0.055,18.3,samples tested,1380004385.0,450.41900000000004,28.2,5.989,3.4139999999999997,69.66
2020-04-11,8446.0,848.0,766.2860000000001,288.0,42.0,28.857,6.12,0.614,0.555,0.209,0.03,0.021,18044.0,179374.0,0.13,0.013000000000000001,14203.0,0.01,0.054000000000000006,18.5,samples tested,1380004385.0,450.41900000000004,28.2,5.989,3.4139999999999997,69.66
2020-04-12,9205.0,759.0,802.429,331.0,43.0,33.143,6.67,0.55,0.581,0.24,0.031,0.024,16374.0,195748.0,0.142,0.012,15173.0,0.011000000000000001,0.053,18.9,samples tested,1380004385.0,450.41900000000004,28.2,5.989,3.4139999999999997,69.66
2020-04-13,10453.0,1248.0,810.7139999999999,358.0,27.0,31.714000000000002,7.575,0.904,0.5870000000000001,0.259,0.02,0.023,21806.0,217554.0,0.158,0.016,16641.0,0.012,0.049,20.5,samples tested,1380004385.0,450.41900000000004,28.2,5.989,3.4139999999999997,69.66
2020-04-14,11487.0,1034.0,882.2860000000001,393.0,35.0,34.714,8.324,0.7490000000000001,0.639,0.285,0.025,0.025,27339.0,244893.0,0.177,0.02,18697.0,0.013999999999999999,0.047,21.2,samples tested,1380004385.0,450.41900000000004,28.2,5.989,3.4139999999999997,69.66
2020-04-15,12322.0,835.0,915.143,405.0,12.0,32.429,8.929,0.605,0.6629999999999999,0.293,0.009000000000000001,0.023,29706.0,274599.0,0.19899999999999998,0.022000000000000002,20954.0,0.015,0.044000000000000004,22.9,samples tested,1380004385.0,450.41900000000004,28.2,5.989,3.4139999999999997,69.66
2020-04-16,13430.0,1108.0,957.857,448.0,43.0,31.714000000000002,9.732000000000001,0.8029999999999999,0.6940000000000001,0.325,0.031,0.023,28357.0,302956.0,0.22,0.021,22578.0,0.016,0.042,23.6,samples tested,1380004385.0,450.41900000000004,28.2,5.989,3.4139999999999997,69.66
2020-04-17,14352.0,922.0,964.857,486.0,38.0,34.286,10.4,0.6679999999999999,0.6990000000000001,0.35200000000000004,0.027999999999999997,0.025,32167.0,335123.0,0.243,0.023,24828.0,0.018000000000000002,0.039,25.7,samples tested,1380004385.0,450.41900000000004,28.2,5.989,3.4139999999999997,69.66
2020-04-18,15722.0,1370.0,1039.4289999999999,521.0,35.0,33.286,11.392999999999999,0.993,0.753,0.37799999999999995,0.025,0.024,37000.0,372123.0,0.27,0.027000000000000003,27536.0,0.02,0.038,26.5,samples tested,1380004385.0,450.41900000000004,28.2,5.989,3.4139999999999997,69.66
2020-04-19,17615.0,1893.0,1201.4289999999999,559.0,38.0,32.571,12.764000000000001,1.3719999999999999,0.871,0.405,0.027999999999999997,0.024,29463.0,401586.0,0.29100000000000004,0.021,29405.0,0.021,0.040999999999999995,24.5,samples tested,1380004385.0,450.41900000000004,28.2,5.989,3.4139999999999997,69.66
2020-04-20,18539.0,924.0,1155.143,592.0,33.0,33.429,13.434000000000001,0.67,0.8370000000000001,0.429,0.024,0.024,,,,,30650.0,0.022000000000000002,0.038,26.5,samples tested,1380004385.0,450.41900000000004,28.2,5.989,3.4139999999999997,69.66
2020-04-21,20080.0,1541.0,1227.5710000000001,645.0,53.0,36.0,14.550999999999998,1.117,0.89,0.467,0.038,0.026000000000000002,,462621.0,0.335,,31104.0,0.023,0.039,25.3,samples tested,1380004385.0,450.41900000000004,28.2,5.989,3.4139999999999997,69.66
2020-04-22,21370.0,1290.0,1292.5710000000001,681.0,36.0,39.429,15.485,0.935,0.937,0.493,0.026000000000000002,0.028999999999999998,,,,,29569.0,0.021,0.044000000000000004,22.9,samples tested,1380004385.0,450.41900000000004,28.2,5.989,3.4139999999999997,69.66
2020-04-23,23077.0,1707.0,1378.1429999999998,721.0,40.0,39.0,16.722,1.237,0.9990000000000001,0.522,0.028999999999999998,0.027999999999999997,,500542.0,0.363,,28227.0,0.02,0.049,20.5,samples tested,1380004385.0,450.41900000000004,28.2,5.989,3.4139999999999997,69.66
2020-04-24,24530.0,1453.0,1454.0,780.0,59.0,42.0,17.775,1.053,1.054,0.565,0.043,0.03,41247.0,541789.0,0.39299999999999996,0.03,29524.0,0.021,0.049,20.3,samples tested,1380004385.0,450.41900000000004,28.2,5.989,3.4139999999999997,69.66
2020-04-25,26283.0,1753.0,1508.714,825.0,45.0,43.428999999999995,19.046,1.27,1.093,0.598,0.033,0.031,38168.0,579957.0,0.42,0.027999999999999997,29691.0,0.022000000000000002,0.051,19.7,samples tested,1380004385.0,450.41900000000004,28.2,5.989,3.4139999999999997,69.66
2020-04-26,27890.0,1607.0,1467.8570000000002,881.0,56.0,46.0,20.21,1.1640000000000001,1.064,0.638,0.040999999999999995,0.033,45352.0,625309.0,0.45299999999999996,0.033,31960.0,0.023,0.046,21.8,samples tested,1380004385.0,450.41900000000004,28.2,5.989,3.4139999999999997,69.66
2020-04-27,29451.0,1561.0,1558.8570000000002,939.0,58.0,49.571000000000005,21.340999999999998,1.131,1.13,0.68,0.042,0.036000000000000004,40510.0,665819.0,0.48200000000000004,0.028999999999999998,33388.0,0.024,0.047,21.4,samples tested,1380004385.0,450.41900000000004,28.2,5.989,3.4139999999999997,69.66
2020-04-28,31324.0,1873.0,1606.286,1008.0,69.0,51.857,22.698,1.357,1.1640000000000001,0.73,0.05,0.038,50914.0,716733.0,0.519,0.037000000000000005,36302.0,0.026000000000000002,0.044000000000000004,22.6,samples tested,1380004385.0,450.41900000000004,28.2,5.989,3.4139999999999997,69.66
2020-04-29,33062.0,1738.0,1670.286,1079.0,71.0,56.857,23.958000000000002,1.2590000000000001,1.21,0.782,0.051,0.040999999999999995,54031.0,770764.0,0.5589999999999999,0.039,41312.0,0.03,0.04,24.7,samples tested,1380004385.0,450.41900000000004,28.2,5.989,3.4139999999999997,69.66
2020-04-30,34863.0,1801.0,1683.714,1154.0,75.0,61.857,25.263,1.305,1.22,0.836,0.054000000000000006,0.045,59437.0,830201.0,0.602,0.043,47094.0,0.034,0.036000000000000004,28.0,samples tested,1380004385.0,450.41900000000004,28.2,5.989,3.4139999999999997,69.66
2020-05-01,37257.0,2394.0,1818.1429999999998,1223.0,69.0,63.286,26.998,1.735,1.317,0.8859999999999999,0.05,0.046,72453.0,902654.0,0.654,0.053,51552.0,0.037000000000000005,0.035,28.4,samples tested,1380004385.0,450.41900000000004,28.2,5.989,3.4139999999999997,69.66
2020-05-02,39699.0,2442.0,1916.5710000000001,1323.0,100.0,71.143,28.767,1.77,1.389,0.9590000000000001,0.07200000000000001,0.052000000000000005,73709.0,976363.0,0.708,0.053,56629.0,0.040999999999999995,0.034,29.5,samples tested,1380004385.0,450.41900000000004,28.2,5.989,3.4139999999999997,69.66
2020-05-03,42505.0,2806.0,2087.857,1391.0,68.0,72.857,30.801,2.033,1.5130000000000001,1.008,0.049,0.053,70087.0,1046450.0,0.758,0.051,60163.0,0.044000000000000004,0.035,28.8,samples tested,1380004385.0,450.41900000000004,28.2,5.989,3.4139999999999997,69.66
2020-05-04,46437.0,3932.0,2426.571,1566.0,175.0,89.571,33.65,2.8489999999999998,1.758,1.135,0.127,0.065,60783.0,1107233.0,0.802,0.044000000000000004,63059.0,0.046,0.038,26.0,samples tested,1380004385.0,450.41900000000004,28.2,5.989,3.4139999999999997,69.66
2020-05-05,49400.0,2963.0,2582.286,1693.0,127.0,97.85700000000001,35.797,2.147,1.871,1.227,0.092,0.071,84713.0,1191946.0,0.8640000000000001,0.061,67888.0,0.049,0.038,26.3,samples tested,1380004385.0,450.41900000000004,28.2,5.989,3.4139999999999997,69.66
2020-05-06,52987.0,3587.0,2846.429,1785.0,92.0,100.85700000000001,38.396,2.5989999999999998,2.063,1.2930000000000001,0.067,0.073,84835.0,1276781.0,0.925,0.061,72288.0,0.052000000000000005,0.039,25.4,samples tested,1380004385.0,450.41900000000004,28.2,5.989,3.4139999999999997,69.66
2020-05-07,56351.0,3364.0,3069.7140000000004,1889.0,104.0,105.0,40.834,2.438,2.224,1.369,0.075,0.076,80632.0,1357413.0,0.9840000000000001,0.057999999999999996,75316.0,0.055,0.040999999999999995,24.5,samples tested,1380004385.0,450.41900000000004,28.2,5.989,3.4139999999999997,69.66
2020-05-08,59695.0,3344.0,3205.429,1985.0,96.0,108.85700000000001,43.257,2.423,2.323,1.4380000000000002,0.07,0.079,80375.0,1437788.0,1.042,0.057999999999999996,76448.0,0.055,0.042,23.8,samples tested,1380004385.0,450.41900000000004,28.2,5.989,3.4139999999999997,69.66
2020-05-09,62808.0,3113.0,3301.2859999999996,2101.0,116.0,111.14299999999999,45.513000000000005,2.256,2.392,1.5219999999999998,0.084,0.081,85425.0,1523213.0,1.104,0.062,78121.0,0.057,0.042,23.7,samples tested,1380004385.0,450.41900000000004,28.2,5.989,3.4139999999999997,69.66
2020-05-10,67161.0,4353.0,3522.2859999999996,2212.0,111.0,117.286,48.667,3.154,2.552,1.6030000000000002,0.08,0.085,85824.0,1609037.0,1.166,0.062,80370.0,0.057999999999999996,0.044000000000000004,22.8,samples tested,1380004385.0,450.41900000000004,28.2,5.989,3.4139999999999997,69.66
2020-05-11,70768.0,3607.0,3475.857,2294.0,82.0,104.0,51.281000000000006,2.614,2.519,1.662,0.059000000000000004,0.075,64651.0,1673688.0,1.213,0.047,80922.0,0.059000000000000004,0.043,23.3,samples tested,1380004385.0,450.41900000000004,28.2,5.989,3.4139999999999997,69.66
2020-05-12,74292.0,3524.0,3556.0,2415.0,121.0,103.14299999999999,53.835,2.5540000000000003,2.577,1.75,0.08800000000000001,0.075,85891.0,1759579.0,1.275,0.062,81090.0,0.059000000000000004,0.044000000000000004,22.8,samples tested,1380004385.0,450.41900000000004,28.2,5.989,3.4139999999999997,69.66
2020-05-13,78055.0,3763.0,3581.143,2551.0,136.0,109.429,56.56100000000001,2.727,2.595,1.849,0.099,0.079,94671.0,1854250.0,1.344,0.069,82496.0,0.06,0.043,23.0,samples tested,1380004385.0,450.41900000000004,28.2,5.989,3.4139999999999997,69.66
2020-05-14,81997.0,3942.0,3663.7140000000004,2649.0,98.0,108.571,59.418,2.8569999999999998,2.655,1.92,0.071,0.079,92791.0,1947041.0,1.411,0.067,84233.0,0.061,0.043,23.0,samples tested,1380004385.0,450.41900000000004,28.2,5.989,3.4139999999999997,69.66
2020-05-15,85784.0,3787.0,3727.0,2753.0,104.0,109.714,62.162,2.7439999999999998,2.701,1.995,0.075,0.08,92911.0,2039952.0,1.4780000000000002,0.067,86023.0,0.062,0.043,23.1,samples tested,1380004385.0,450.41900000000004,28.2,5.989,3.4139999999999997,69.66
2020-05-16,90648.0,4864.0,3977.143,2871.0,118.0,110.0,65.687,3.525,2.8819999999999997,2.08,0.086,0.08,94325.0,2134277.0,1.547,0.068,87295.0,0.063,0.046,21.9,samples tested,1380004385.0,450.41900000000004,28.2,5.989,3.4139999999999997,69.66
2020-05-17,95698.0,5050.0,4076.7140000000004,3025.0,154.0,116.14299999999999,69.346,3.659,2.9539999999999997,2.1919999999999997,0.11199999999999999,0.084,93365.0,2227642.0,1.614,0.068,88372.0,0.064,0.046,21.7,samples tested,1380004385.0,450.41900000000004,28.2,5.989,3.4139999999999997,69.66
2020-05-18,100328.0,4630.0,4222.857,3156.0,131.0,123.14299999999999,72.70100000000001,3.355,3.06,2.287,0.095,0.08900000000000001,75150.0,2302792.0,1.669,0.054000000000000006,89872.0,0.065,0.047,21.3,samples tested,1380004385.0,450.41900000000004,28.2,5.989,3.4139999999999997,69.66
2020-05-19,106475.0,6147.0,4597.571,3302.0,146.0,126.714,77.156,4.454,3.332,2.3930000000000002,0.106,0.092,101475.0,2404267.0,1.742,0.07400000000000001,92098.0,0.067,0.05,20.0,samples tested,1380004385.0,450.41900000000004,28.2,5.989,3.4139999999999997,69.66
2020-05-20,112028.0,5553.0,4853.286,3434.0,132.0,126.14299999999999,81.179,4.024,3.517,2.488,0.096,0.091,108121.0,2512388.0,1.821,0.078,94020.0,0.068,0.052000000000000005,19.4,samples tested,1380004385.0,450.41900000000004,28.2,5.989,3.4139999999999997,69.66
2020-05-21,118226.0,6198.0,5175.571,3584.0,150.0,133.571,85.671,4.4910000000000005,3.75,2.597,0.109,0.09699999999999999,103532.0,2615920.0,1.896,0.075,95554.0,0.069,0.054000000000000006,18.5,samples tested,1380004385.0,450.41900000000004,28.2,5.989,3.4139999999999997,69.66
2020-05-22,124794.0,6568.0,5572.857,3726.0,142.0,139.0,90.43,4.7589999999999995,4.038,2.7,0.10300000000000001,0.10099999999999999,103514.0,2719434.0,1.9709999999999999,0.075,97069.0,0.07,0.057,17.4,samples tested,1380004385.0,450.41900000000004,28.2,5.989,3.4139999999999997,69.66
2020-05-23,131423.0,6629.0,5825.0,3868.0,142.0,142.429,95.234,4.803999999999999,4.221,2.803,0.10300000000000001,0.10300000000000001,115364.0,2834798.0,2.0540000000000003,0.084,100074.0,0.073,0.057999999999999996,17.2,samples tested,1380004385.0,450.41900000000004,28.2,5.989,3.4139999999999997,69.66
2020-05-24,138536.0,7113.0,6119.714,4024.0,156.0,142.714,100.38799999999999,5.154,4.435,2.9160000000000004,0.113,0.10300000000000001,108623.0,2943421.0,2.133,0.079,102254.0,0.07400000000000001,0.06,16.7,samples tested,1380004385.0,450.41900000000004,28.2,5.989,3.4139999999999997,69.66
2020-05-25,144950.0,6414.0,6374.571,4172.0,148.0,145.143,105.036,4.648,4.619,3.023,0.107,0.105,90170.0,3033591.0,2.198,0.065,104400.0,0.076,0.061,16.4,samples tested,1380004385.0,450.41900000000004,28.2,5.989,3.4139999999999997,69.66
2020-05-26,150793.0,5843.0,6331.143,4344.0,172.0,148.857,109.27,4.234,4.588,3.148,0.125,0.10800000000000001,92528.0,3126119.0,2.265,0.067,103122.0,0.075,0.061,16.3,samples tested,1380004385.0,450.41900000000004,28.2,5.989,3.4139999999999997,69.66
2020-05-27,158086.0,7293.0,6579.714,4534.0,190.0,157.143,114.555,5.285,4.768,3.285,0.138,0.114,116041.0,3242160.0,2.349,0.084,104253.0,0.076,0.063,15.8,samples tested,1380004385.0,450.41900000000004,28.2,5.989,3.4139999999999997,69.66
2020-05-28,165386.0,7300.0,6737.143,4711.0,177.0,161.0,119.845,5.29,4.882,3.4139999999999997,0.128,0.11699999999999999,119976.0,3362136.0,2.436,0.087,106602.0,0.077,0.063,15.8,samples tested,1380004385.0,450.41900000000004,28.2,5.989,3.4139999999999997,69.66
2020-05-29,173491.0,8105.0,6956.714,4980.0,269.0,179.143,125.71799999999999,5.872999999999999,5.041,3.609,0.195,0.13,121702.0,3483838.0,2.525,0.08800000000000001,109201.0,0.079,0.064,15.7,samples tested,1380004385.0,450.41900000000004,28.2,5.989,3.4139999999999997,69.66
2020-05-30,181827.0,8336.0,7200.571,5185.0,205.0,188.143,131.75799999999998,6.041,5.218,3.7569999999999997,0.149,0.136,127761.0,3611599.0,2.617,0.09300000000000001,110972.0,0.08,0.065,15.4,samples tested,1380004385.0,450.41900000000004,28.2,5.989,3.4139999999999997,69.66
2020-05-31,190609.0,8782.0,7439.0,5408.0,223.0,197.71400000000003,138.122,6.364,5.391,3.9189999999999996,0.162,0.14300000000000002,125428.0,3737027.0,2.708,0.091,113372.0,0.08199999999999999,0.066,15.2,samples tested,1380004385.0,450.41900000000004,28.2,5.989,3.4139999999999997,69.66
2020-06-01,198370.0,7761.0,7631.429,5608.0,200.0,205.143,143.746,5.624,5.53,4.064,0.145,0.149,100180.0,3837207.0,2.781,0.073,114802.0,0.083,0.066,15.0,samples tested,1380004385.0,450.41900000000004,28.2,5.989,3.4139999999999997,69.66
2020-06-02,207191.0,8821.0,8056.857,5829.0,221.0,212.143,150.138,6.392,5.837999999999999,4.224,0.16,0.154,128868.0,3966075.0,2.8739999999999997,0.09300000000000001,119994.0,0.087,0.067,14.9,samples tested,1380004385.0,450.41900000000004,28.2,5.989,3.4139999999999997,69.66
2020-06-03,216824.0,9633.0,8391.143,6088.0,259.0,222.0,157.118,6.98,6.081,4.412,0.188,0.161,137158.0,4103233.0,2.9730000000000003,0.099,123010.0,0.08900000000000001,0.068,14.7,samples tested,1380004385.0,450.41900000000004,28.2,5.989,3.4139999999999997,69.66
2020-06-04,226713.0,9889.0,8761.0,6363.0,275.0,236.0,164.28400000000002,7.166,6.349,4.611000000000001,0.19899999999999998,0.171,139485.0,4242718.0,3.074,0.10099999999999999,125797.0,0.091,0.07,14.4,samples tested,1380004385.0,450.41900000000004,28.2,5.989,3.4139999999999997,69.66
2020-06-05,236184.0,9471.0,8956.143,6649.0,286.0,238.429,171.14700000000002,6.8629999999999995,6.49,4.8180000000000005,0.207,0.17300000000000001,143661.0,4386379.0,3.179,0.10400000000000001,128934.0,0.09300000000000001,0.069,14.4,samples tested,1380004385.0,450.41900000000004,28.2,5.989,3.4139999999999997,69.66
2020-06-06,246622.0,10438.0,9256.429,6946.0,297.0,251.571,178.71099999999998,7.564,6.707999999999999,5.033,0.215,0.182,137938.0,4524317.0,3.278,0.1,130388.0,0.094,0.071,14.1,samples tested,1380004385.0,450.41900000000004,28.2,5.989,3.4139999999999997,69.66
2020-06-07,257486.0,10864.0,9553.857,7207.0,261.0,257.0,186.583,7.872000000000001,6.922999999999999,5.222,0.18899999999999997,0.18600000000000003,142069.0,4666386.0,3.3810000000000002,0.10300000000000001,132766.0,0.096,0.07200000000000001,13.9,samples tested,1380004385.0,450.41900000000004,28.2,5.989,3.4139999999999997,69.66
2020-06-08,265928.0,8442.0,9651.143,7473.0,266.0,266.42900000000003,192.701,6.117000000000001,6.994,5.415,0.193,0.193,108048.0,4774434.0,3.46,0.078,133890.0,0.09699999999999999,0.07200000000000001,13.9,samples tested,1380004385.0,450.41900000000004,28.2,5.989,3.4139999999999997,69.66
2020-06-09,276146.0,10218.0,9850.714,7750.0,277.0,274.42900000000003,200.105,7.404,7.138,5.6160000000000005,0.201,0.19899999999999998,141682.0,4916116.0,3.562,0.10300000000000001,135720.0,0.098,0.073,13.8,samples tested,1380004385.0,450.41900000000004,28.2,5.989,3.4139999999999997,69.66
2020-06-10,286605.0,10459.0,9968.714,8102.0,352.0,287.714,207.68400000000003,7.579,7.224,5.871,0.255,0.20800000000000002,145216.0,5061332.0,3.668,0.105,136871.0,0.099,0.073,13.7,samples tested,1380004385.0,450.41900000000004,28.2,5.989,3.4139999999999997,69.66
2020-06-11,297535.0,10930.0,10117.429,8498.0,396.0,305.0,215.604,7.92,7.331,6.1579999999999995,0.287,0.221,151808.0,5213140.0,3.778,0.11,138632.0,0.1,0.073,13.7,samples tested,1380004385.0,450.41900000000004,28.2,5.989,3.4139999999999997,69.66
2020-06-12,308993.0,11458.0,10401.286,8884.0,386.0,319.286,223.907,8.302999999999999,7.537000000000001,6.438,0.28,0.231,150305.0,5363445.0,3.887,0.109,139581.0,0.10099999999999999,0.075,13.4,samples tested,1380004385.0,450.41900000000004,28.2,5.989,3.4139999999999997,69.66
2020-06-13,320922.0,11929.0,10614.286,9195.0,311.0,321.286,232.551,8.644,7.691,6.662999999999999,0.225,0.233,143737.0,5507182.0,3.991,0.10400000000000001,140409.0,0.102,0.076,13.2,samples tested,1380004385.0,450.41900000000004,28.2,5.989,3.4139999999999997,69.66
2020-06-14,332424.0,11502.0,10705.428999999998,9520.0,325.0,330.42900000000003,240.886,8.335,7.757999999999999,6.899,0.23600000000000002,0.239,151432.0,5658614.0,4.1,0.11,141747.0,0.10300000000000001,0.076,13.2,samples tested,1380004385.0,450.41900000000004,28.2,5.989,3.4139999999999997,69.66
2020-06-15,343091.0,10667.0,11023.286,9900.0,380.0,346.714,248.61599999999999,7.73,7.9879999999999995,7.1739999999999995,0.275,0.251,115519.0,5774133.0,4.184,0.084,142814.0,0.10300000000000001,0.077,13.0,samples tested,1380004385.0,450.41900000000004,28.2,5.989,3.4139999999999997,69.66
2020-06-16,354065.0,10974.0,11131.286,11903.0,2003.0,593.286,256.568,7.952000000000001,8.066,8.625,1.4509999999999998,0.43,146936.0,5921069.0,4.291,0.106,143565.0,0.10400000000000001,0.078,12.9,samples tested,1380004385.0,450.41900000000004,28.2,5.989,3.4139999999999997,69.66
2020-06-17,366946.0,12881.0,11477.286,12237.0,334.0,590.714,265.902,9.334,8.317,8.867,0.242,0.428,163187.0,6084256.0,4.409,0.11800000000000001,146132.0,0.106,0.079,12.7,samples tested,1380004385.0,450.41900000000004,28.2,5.989,3.4139999999999997,69.66
2020-06-18,380532.0,13586.0,11856.714,12573.0,336.0,582.143,275.747,9.845,8.592,9.111,0.243,0.42200000000000004,165412.0,6249668.0,4.529,0.12,148075.0,0.107,0.08,12.5,samples tested,1380004385.0,450.41900000000004,28.2,5.989,3.4139999999999997,69.66
2020-06-19,395048.0,14516.0,12293.571000000002,12948.0,375.0,580.571,286.26599999999996,10.519,8.908,9.383,0.272,0.42100000000000004,176959.0,6426627.0,4.657,0.128,151883.0,0.11,0.081,12.4,samples tested,1380004385.0,450.41900000000004,28.2,5.989,3.4139999999999997,69.66
2020-06-20,410451.0,15403.0,12789.857,13254.0,306.0,579.857,297.427,11.162,9.267999999999999,9.604,0.222,0.42,189869.0,6616496.0,4.795,0.138,158473.0,0.115,0.081,12.4,samples tested,1380004385.0,450.41900000000004,28.2,5.989,3.4139999999999997,69.66
2020-06-21,425282.0,14831.0,13265.428999999998,13699.0,445.0,597.0,308.17400000000004,10.747,9.613,9.927,0.322,0.433,190730.0,6807226.0,4.933,0.138,164087.0,0.11900000000000001,0.081,12.4,samples tested,1380004385.0,450.41900000000004,28.2,5.989,3.4139999999999997,69.66
2020-06-22,440215.0,14933.0,13874.857,14011.0,312.0,587.286,318.995,10.821,10.054,10.152999999999999,0.226,0.426,143267.0,6950493.0,5.037,0.10400000000000001,168051.0,0.122,0.083,12.1,samples tested,1380004385.0,450.41900000000004,28.2,5.989,3.4139999999999997,69.66
2020-06-23,456183.0,15968.0,14588.286,14476.0,465.0,367.57099999999997,330.566,11.571,10.571,10.49,0.337,0.266,187223.0,7137716.0,5.172000000000001,0.136,173807.0,0.126,0.084,11.9,samples tested,1380004385.0,450.41900000000004,28.2,5.989,3.4139999999999997,69.66
2020-06-24,473105.0,16922.0,15165.571000000002,14894.0,418.0,379.57099999999997,342.829,12.262,10.99,10.793,0.303,0.275,215195.0,7352911.0,5.327999999999999,0.156,181236.0,0.131,0.084,12.0,samples tested,1380004385.0,450.41900000000004,28.2,5.989,3.4139999999999997,69.66
2020-06-25,490401.0,17296.0,15695.571000000002,15301.0,407.0,389.714,355.36199999999997,12.533,11.374,11.088,0.295,0.282,207871.0,7560782.0,5.479,0.151,187302.0,0.136,0.084,11.9,samples tested,1380004385.0,450.41900000000004,28.2,5.989,3.4139999999999997,69.66
2020-06-26,508953.0,18552.0,16272.143,15685.0,384.0,391.0,368.805,13.443,11.790999999999999,11.366,0.278,0.28300000000000003,215446.0,7776228.0,5.635,0.156,192800.0,0.14,0.084,11.8,samples tested,1380004385.0,450.41900000000004,28.2,5.989,3.4139999999999997,69.66
2020-06-27,528859.0,19906.0,16915.429,16095.0,410.0,405.85699999999997,383.23,14.425,12.258,11.663,0.297,0.294,220479.0,7996707.0,5.795,0.16,197173.0,0.14300000000000002,0.086,11.7,samples tested,1380004385.0,450.41900000000004,28.2,5.989,3.4139999999999997,69.66
2020-06-28,548318.0,19459.0,17576.571,16475.0,380.0,396.57099999999997,397.33099999999996,14.100999999999999,12.737,11.937999999999999,0.275,0.287,231095.0,8227802.0,5.962000000000001,0.16699999999999998,202939.0,0.147,0.087,11.5,samples tested,1380004385.0,450.41900000000004,28.2,5.989,3.4139999999999997,69.66
2020-06-29,566840.0,18522.0,18089.286,16893.0,418.0,411.714,410.75199999999995,13.422,13.107999999999999,12.241,0.303,0.298,170560.0,8398362.0,6.086,0.124,206838.0,0.15,0.087,11.4,samples tested,1380004385.0,450.41900000000004,28.2,5.989,3.4139999999999997,69.66
2020-06-30,585481.0,18641.0,18471.143,17400.0,507.0,417.714,424.26,13.508,13.385,12.609000000000002,0.36700000000000005,0.303,210292.0,8608654.0,6.2379999999999995,0.152,210134.0,0.152,0.08800000000000001,11.4,samples tested,1380004385.0,450.41900000000004,28.2,5.989,3.4139999999999997,69.66
2020-07-01,604641.0,19160.0,18790.857,17834.0,434.0,420.0,438.144,13.884,13.617,12.923,0.314,0.304,217931.0,8826585.0,6.396,0.158,210525.0,0.153,0.08900000000000001,11.2,samples tested,1380004385.0,450.41900000000004,28.2,5.989,3.4139999999999997,69.66
2020-07-02,625544.0,20903.0,19306.143,18213.0,379.0,416.0,453.291,15.147,13.99,13.198,0.275,0.301,229588.0,9056173.0,6.562,0.166,213627.0,0.155,0.09,11.1,samples tested,1380004385.0,450.41900000000004,28.2,5.989,3.4139999999999997,69.66
2020-07-03,648315.0,22771.0,19908.857,18655.0,442.0,424.286,469.792,16.500999999999998,14.427,13.517999999999999,0.32,0.307,241576.0,9297749.0,6.737,0.175,217360.0,0.158,0.092,10.9,samples tested,1380004385.0,450.41900000000004,28.2,5.989,3.4139999999999997,69.66
2020-07-04,673165.0,24850.0,20615.143,19268.0,613.0,453.286,487.79900000000004,18.007,14.937999999999999,13.962,0.444,0.32799999999999996,242383.0,9540132.0,6.912999999999999,0.17600000000000002,220489.0,0.16,0.09300000000000001,10.7,samples tested,1380004385.0,450.41900000000004,28.2,5.989,3.4139999999999997,69.66
2020-07-05,697413.0,24248.0,21299.286,19693.0,425.0,459.714,505.37,17.570999999999998,15.434000000000001,14.27,0.308,0.33299999999999996,248934.0,9789066.0,7.093999999999999,0.18,223038.0,0.162,0.095,10.5,samples tested,1380004385.0,450.41900000000004,28.2,5.989,3.4139999999999997,69.66
2020-07-06,719664.0,22251.0,21832.0,20159.0,466.0,466.57099999999997,521.494,16.124000000000002,15.82,14.607999999999999,0.33799999999999997,0.33799999999999997,180596.0,9969662.0,7.224,0.131,224471.0,0.163,0.09699999999999999,10.3,samples tested,1380004385.0,450.41900000000004,28.2,5.989,3.4139999999999997,69.66
2020-07-07,742417.0,22753.0,22419.429,20642.0,483.0,463.14300000000003,537.982,16.488,16.246,14.958,0.35,0.336,241430.0,10211092.0,7.399,0.175,228920.0,0.166,0.098,10.2,samples tested,1380004385.0,450.41900000000004,28.2,5.989,3.4139999999999997,69.66
2020-07-08,767296.0,24879.0,23236.429,21129.0,487.0,470.714,556.01,18.028,16.838,15.311,0.353,0.341,262679.0,10473771.0,7.59,0.19,235312.0,0.171,0.099,10.1,samples tested,1380004385.0,450.41900000000004,28.2,5.989,3.4139999999999997,69.66
2020-07-09,793802.0,26506.0,24036.857000000004,21604.0,475.0,484.42900000000003,575.217,19.207,17.418,15.655,0.344,0.35100000000000003,267061.0,10740832.0,7.7829999999999995,0.19399999999999998,240666.0,0.174,0.1,10.0,samples tested,1380004385.0,450.41900000000004,28.2,5.989,3.4139999999999997,69.66
2020-07-10,820916.0,27114.0,24657.286,22123.0,519.0,495.42900000000003,594.865,19.648,17.868,16.031,0.376,0.359,283659.0,11024491.0,7.989,0.20600000000000002,246677.0,0.179,0.1,10.0,samples tested,1380004385.0,450.41900000000004,28.2,5.989,3.4139999999999997,69.66
2020-07-11,849522.0,28606.0,25193.857000000004,22673.0,550.0,486.42900000000003,615.594,20.729,18.256,16.43,0.39899999999999997,0.35200000000000004,282511.0,11307002.0,8.193,0.205,252410.0,0.183,0.1,10.0,samples tested,1380004385.0,450.41900000000004,28.2,5.989,3.4139999999999997,69.66
2020-07-12,878254.0,28732.0,25834.429,23174.0,501.0,497.286,636.414,20.82,18.721,16.793,0.363,0.36,280151.0,11587153.0,8.396,0.203,256870.0,0.18600000000000003,0.10099999999999999,9.9,samples tested,1380004385.0,450.41900000000004,28.2,5.989,3.4139999999999997,69.66
2020-07-13,906752.0,28498.0,26726.857000000004,23727.0,553.0,509.714,657.065,20.651,19.367,17.192999999999998,0.401,0.369,219103.0,11806256.0,8.555,0.159,262371.0,0.19,0.102,9.8,samples tested,1380004385.0,450.41900000000004,28.2,5.989,3.4139999999999997,69.66
2020-07-14,936181.0,29429.0,27680.571,24309.0,582.0,523.857,678.39,21.325,20.058,17.615,0.42200000000000004,0.38,286247.0,12092503.0,8.763,0.207,268773.0,0.195,0.10300000000000001,9.7,samples tested,1380004385.0,450.41900000000004,28.2,5.989,3.4139999999999997,69.66
2020-07-15,968857.0,32676.0,28794.429,24914.0,605.0,540.714,702.068,23.678,20.865,18.054000000000002,0.43799999999999994,0.392,320161.0,12412664.0,8.995,0.23199999999999998,276985.0,0.201,0.10400000000000001,9.6,samples tested,1380004385.0,450.41900000000004,28.2,5.989,3.4139999999999997,69.66
2020-07-16,1003832.0,34975.0,30004.286,25602.0,688.0,571.143,727.4119999999999,25.344,21.741999999999997,18.552,0.499,0.414,326826.0,12739490.0,9.231,0.237,285523.0,0.207,0.105,9.5,samples tested,1380004385.0,450.41900000000004,28.2,5.989,3.4139999999999997,69.66
2020-07-17,1039084.0,35252.0,31166.857000000004,26273.0,671.0,592.857,752.957,25.545,22.585,19.038,0.486,0.43,333228.0,13072718.0,9.472999999999999,0.24100000000000002,292604.0,0.212,0.107,9.4,samples tested,1380004385.0,450.41900000000004,28.2,5.989,3.4139999999999997,69.66
2020-07-18,1077781.0,38697.0,32608.429,26816.0,543.0,591.857,780.998,28.041,23.629,19.432000000000002,0.39299999999999996,0.429,361024.0,13433742.0,9.735,0.262,303820.0,0.22,0.107,9.3,samples tested,1380004385.0,450.41900000000004,28.2,5.989,3.4139999999999997,69.66
2020-07-19,1118206.0,40425.0,34278.857,27497.0,681.0,617.571,810.2919999999999,29.293000000000003,24.84,19.925,0.493,0.44799999999999995,358127.0,13791869.0,9.994,0.26,314959.0,0.228,0.109,9.2,samples tested,1380004385.0,450.41900000000004,28.2,5.989,3.4139999999999997,69.66
2020-07-20,1155338.0,37132.0,35512.286,28082.0,585.0,622.143,837.199,26.906999999999996,25.733,20.349,0.424,0.451,256039.0,14047908.0,10.18,0.18600000000000003,320236.0,0.23199999999999998,0.111,9.0,samples tested,1380004385.0,450.41900000000004,28.2,5.989,3.4139999999999997,69.66
2020-07-21,1193078.0,37740.0,36699.571,28732.0,650.0,631.857,864.547,27.348000000000003,26.594,20.82,0.47100000000000003,0.45799999999999996,333395.0,14381303.0,10.421,0.242,326971.0,0.237,0.11199999999999999,8.9,samples tested,1380004385.0,450.41900000000004,28.2,5.989,3.4139999999999997,69.66
2020-07-22,1238798.0,45720.0,38563.0,29861.0,1129.0,706.7139999999999,897.677,33.13,27.944000000000003,21.638,0.818,0.512,343243.0,14724546.0,10.67,0.249,330269.0,0.239,0.11699999999999999,8.6,samples tested,1380004385.0,450.41900000000004,28.2,5.989,3.4139999999999997,69.66
2020-07-23,1288108.0,49310.0,40610.857,30601.0,740.0,714.143,933.409,35.732,29.428,22.175,0.536,0.517,350823.0,15075369.0,10.924000000000001,0.254,333697.0,0.242,0.122,8.2,samples tested,1380004385.0,450.41900000000004,28.2,5.989,3.4139999999999997,69.66
2020-07-24,1337024.0,48916.0,42562.857,31358.0,757.0,726.429,968.855,35.446,30.843000000000004,22.723000000000003,0.5489999999999999,0.526,352801.0,15428170.0,11.18,0.256,336493.0,0.244,0.126,7.9,samples tested,1380004385.0,450.41900000000004,28.2,5.989,3.4139999999999997,69.66
2020-07-25,1385635.0,48611.0,43979.143,32060.0,702.0,749.143,1004.08,35.225,31.869,23.232,0.509,0.5429999999999999,420898.0,15849068.0,11.485,0.305,345047.0,0.25,0.127,7.8,samples tested,1380004385.0,450.41900000000004,28.2,5.989,3.4139999999999997,69.66
2020-07-26,1435616.0,49981.0,45344.28599999999,32771.0,711.0,753.429,1040.298,36.218,32.858000000000004,23.747,0.515,0.546,442263.0,16291331.0,11.805,0.32,357066.0,0.259,0.127,7.9,samples tested,1380004385.0,450.41900000000004,28.2,5.989,3.4139999999999997,69.66
2020-07-27,1480073.0,44457.0,46390.71400000001,33408.0,637.0,760.857,1072.513,32.215,33.616,24.209,0.462,0.551,515472.0,16806803.0,12.179,0.374,394128.0,0.28600000000000003,0.11800000000000001,8.5,samples tested,1380004385.0,450.41900000000004,28.2,5.989,3.4139999999999997,69.66
2020-07-28,1531669.0,51596.0,48370.143,34193.0,785.0,780.143,1109.902,37.388000000000005,35.051,24.776999999999997,0.569,0.565,528082.0,17334885.0,12.561,0.38299999999999995,421940.0,0.306,0.115,8.7,samples tested,1380004385.0,450.41900000000004,28.2,5.989,3.4139999999999997,69.66
2020-07-29,1581963.0,50294.0,49023.570999999996,34955.0,762.0,727.7139999999999,1146.346,36.445,35.524,25.33,0.552,0.527,408855.0,17743740.0,12.857999999999999,0.29600000000000004,431313.0,0.313,0.114,8.8,samples tested,1380004385.0,450.41900000000004,28.2,5.989,3.4139999999999997,69.66
2020-07-30,1634746.0,52783.0,49519.71400000001,35718.0,763.0,731.0,1184.595,38.248000000000005,35.884,25.883000000000003,0.5529999999999999,0.53,446642.0,18190382.0,13.181,0.324,445002.0,0.322,0.111,9.0,samples tested,1380004385.0,450.41900000000004,28.2,5.989,3.4139999999999997,69.66
2020-07-31,1695988.0,61242.0,51280.570999999996,36511.0,793.0,736.143,1228.973,44.378,37.16,26.456999999999997,0.575,0.5329999999999999,642588.0,18832970.0,13.647,0.466,486400.0,0.35200000000000004,0.105,9.5,samples tested,1380004385.0,450.41900000000004,28.2,5.989,3.4139999999999997,69.66
2020-08-01,1750723.0,54735.0,52155.429000000004,37364.0,853.0,757.7139999999999,1268.636,39.663000000000004,37.794000000000004,27.075,0.618,0.5489999999999999,525689.0,19358659.0,14.027999999999999,0.381,501370.0,0.363,0.10400000000000001,9.6,samples tested,1380004385.0,450.41900000000004,28.2,5.989,3.4139999999999997,69.66
2020-08-02,1803695.0,52972.0,52582.71400000001,38135.0,771.0,766.2860000000001,1307.021,38.385,38.103,27.634,0.5589999999999999,0.555,463172.0,19821831.0,14.364,0.336,504357.0,0.365,0.10400000000000001,9.6,samples tested,1380004385.0,450.41900000000004,28.2,5.989,3.4139999999999997,69.66
2020-08-03,1855745.0,52050.0,53667.429000000004,38938.0,803.0,790.0,1344.7379999999998,37.717,38.889,28.215999999999998,0.5820000000000001,0.5720000000000001,381027.0,20202858.0,14.64,0.276,485151.0,0.35200000000000004,0.111,9.0,samples tested,1380004385.0,450.41900000000004,28.2,5.989,3.4139999999999997,69.66
2020-08-04,1908254.0,52509.0,53797.857,39795.0,857.0,800.2860000000001,1382.7879999999998,38.05,38.984,28.837,0.621,0.58,661892.0,20864750.0,15.119000000000002,0.48,504266.0,0.365,0.107,9.4,samples tested,1380004385.0,450.41900000000004,28.2,5.989,3.4139999999999997,69.66
2020-08-05,1964536.0,56282.0,54653.28599999999,40699.0,904.0,820.571,1423.5720000000001,40.784,39.604,29.491999999999997,0.655,0.595,619652.0,21484402.0,15.568,0.449,534380.0,0.387,0.102,9.8,samples tested,1380004385.0,450.41900000000004,28.2,5.989,3.4139999999999997,69.66
2020-08-06,2027074.0,62538.0,56046.857,41585.0,886.0,838.143,1468.89,45.317,40.614000000000004,30.134,0.642,0.607,664949.0,22149351.0,16.05,0.48200000000000004,565567.0,0.41,0.099,10.1,samples tested,1380004385.0,450.41900000000004,28.2,5.989,3.4139999999999997,69.66
2020-08-07,2088611.0,61537.0,56089.0,42518.0,933.0,858.143,1513.481,44.592,40.644,30.81,0.6759999999999999,0.622,639042.0,22788393.0,16.512999999999998,0.46299999999999997,565060.0,0.409,0.099,10.1,samples tested,1380004385.0,450.41900000000004,28.2,5.989,3.4139999999999997,69.66
2020-08-08,2153010.0,64399.0,57469.570999999996,43379.0,861.0,859.2860000000001,1560.1470000000002,46.666000000000004,41.644,31.434,0.624,0.623,598778.0,23387171.0,16.947,0.434,575502.0,0.41700000000000004,0.1,10.0,samples tested,1380004385.0,450.41900000000004,28.2,5.989,3.4139999999999997,69.66
2020-08-09,2215074.0,62064.0,58768.429000000004,44386.0,1007.0,893.0,1605.121,44.974,42.586000000000006,32.164,0.73,0.647,719364.0,24106535.0,17.468,0.521,612101.0,0.444,0.096,10.4,samples tested,1380004385.0,450.41900000000004,28.2,5.989,3.4139999999999997,69.66
2020-08-10,2268675.0,53601.0,58990.0,45257.0,871.0,902.7139999999999,1643.9620000000002,38.841,42.746,32.795,0.631,0.654,477023.0,24583558.0,17.814,0.34600000000000003,625814.0,0.45299999999999996,0.094,10.6,samples tested,1380004385.0,450.41900000000004,28.2,5.989,3.4139999999999997,69.66
2020-08-11,2329638.0,60963.0,60197.71400000001,46091.0,834.0,899.429,1688.138,44.176,43.621,33.399,0.604,0.652,698290.0,25281848.0,18.32,0.506,631014.0,0.457,0.095,10.5,samples tested,1380004385.0,450.41900000000004,28.2,5.989,3.4139999999999997,69.66
2020-08-12,2396637.0,66999.0,61728.71400000001,47033.0,942.0,904.857,1736.6879999999999,48.55,44.731,34.082,0.6829999999999999,0.6559999999999999,733449.0,26015297.0,18.852,0.531,647271.0,0.469,0.095,10.5,samples tested,1380004385.0,450.41900000000004,28.2,5.989,3.4139999999999997,69.66
2020-08-13,2461190.0,64553.0,62016.570999999996,48040.0,1007.0,922.143,1783.465,46.777,44.93899999999999,34.811,0.73,0.6679999999999999,830391.0,26845688.0,19.453,0.602,670905.0,0.486,0.092,10.8,samples tested,1380004385.0,450.41900000000004,28.2,5.989,3.4139999999999997,69.66
2020-08-14,2525922.0,64732.0,62473.0,49036.0,996.0,931.143,1830.372,46.907,45.27,35.533,0.722,0.675,848728.0,27694416.0,20.067999999999998,0.615,700860.0,0.508,0.08900000000000001,11.2,samples tested,1380004385.0,450.41900000000004,28.2,5.989,3.4139999999999997,69.66
2020-08-15,2589952.0,64030.0,62420.28599999999,49980.0,944.0,943.0,1876.771,46.398,45.232,36.217,0.684,0.6829999999999999,868679.0,28563095.0,20.698,0.629,739418.0,0.536,0.084,11.8,samples tested,1380004385.0,450.41900000000004,28.2,5.989,3.4139999999999997,69.66
2020-08-16,2647663.0,57711.0,61798.429000000004,50921.0,941.0,933.571,1918.59,41.818999999999996,44.781000000000006,36.899,0.682,0.6759999999999999,746608.0,29309703.0,21.239,0.541,743310.0,0.539,0.083,12.0,samples tested,1380004385.0,450.41900000000004,28.2,5.989,3.4139999999999997,69.66
2020-08-17,2702681.0,55018.0,62000.857,51797.0,876.0,934.2860000000001,1958.4579999999999,39.868,44.928000000000004,37.534,0.635,0.677,731697.0,30041400.0,21.769000000000002,0.53,779692.0,0.565,0.08,12.6,samples tested,1380004385.0,450.41900000000004,28.2,5.989,3.4139999999999997,69.66
2020-08-18,2767253.0,64572.0,62516.429000000004,52888.0,1091.0,971.0,2005.249,46.791000000000004,45.302,38.325,0.7909999999999999,0.7040000000000001,899864.0,30941264.0,22.421,0.652,808488.0,0.586,0.077,12.9,samples tested,1380004385.0,450.41900000000004,28.2,5.989,3.4139999999999997,69.66
2020-08-19,2836925.0,69672.0,62898.28599999999,53866.0,978.0,976.143,2055.736,50.486999999999995,45.578,39.033,0.7090000000000001,0.7070000000000001,801518.0,31742782.0,23.002,0.581,818212.0,0.593,0.077,13.0,samples tested,1380004385.0,450.41900000000004,28.2,5.989,3.4139999999999997,69.66
2020-08-20,2905825.0,68900.0,63519.28599999999,54849.0,983.0,972.7139999999999,2105.6639999999998,49.927,46.028,39.746,0.7120000000000001,0.705,918470.0,32661252.0,23.666999999999998,0.6659999999999999,830795.0,0.602,0.076,13.1,samples tested,1380004385.0,450.41900000000004,28.2,5.989,3.4139999999999997,69.66
2020-08-21,2975701.0,69876.0,64254.143,55794.0,945.0,965.429,2156.298,50.635,46.56100000000001,40.43,0.685,0.7,805985.0,33467237.0,24.252,0.584,824689.0,0.598,0.078,12.8,samples tested,1380004385.0,450.41900000000004,28.2,5.989,3.4139999999999997,69.66
2020-08-22,3044940.0,69239.0,64998.28599999999,56706.0,912.0,960.857,2206.471,50.173,47.1,41.091,0.6609999999999999,0.696,1023836.0,34491073.0,24.993000000000002,0.742,846854.0,0.614,0.077,13.0,samples tested,1380004385.0,450.41900000000004,28.2,5.989,3.4139999999999997,69.66
2020-08-23,3106348.0,61408.0,65526.429000000004,57542.0,836.0,945.857,2250.97,44.498000000000005,47.483000000000004,41.696999999999996,0.606,0.685,801147.0,35292220.0,25.574,0.581,854645.0,0.619,0.077,13.0,samples tested,1380004385.0,450.41900000000004,28.2,5.989,3.4139999999999997,69.66
2020-08-24,3167323.0,60975.0,66377.429,58390.0,848.0,941.857,2295.154,44.185,48.099,42.31100000000001,0.614,0.6829999999999999,609917.0,35902137.0,26.016,0.442,837248.0,0.607,0.079,12.6,samples tested,1380004385.0,450.41900000000004,28.2,5.989,3.4139999999999997,69.66
2020-08-25,3224547.0,57224.0,65327.71400000001,59357.0,967.0,924.143,2336.621,41.467,47.339,43.012,0.701,0.67,925383.0,36827520.0,26.686999999999998,0.6709999999999999,840894.0,0.609,0.078,12.9,samples tested,1380004385.0,450.41900000000004,28.2,5.989,3.4139999999999997,69.66
2020-08-26,3310234.0,85687.0,67615.571,60472.0,1115.0,943.7139999999999,2398.7129999999997,62.092,48.997,43.82,0.8079999999999999,0.684,823992.0,37651512.0,27.284000000000002,0.597,844104.0,0.612,0.08,12.5,samples tested,1380004385.0,450.41900000000004,28.2,5.989,3.4139999999999997,69.66
2020-08-27,3387500.0,77266.0,68810.714,61529.0,1057.0,954.2860000000001,2454.702,55.99,49.863,44.586000000000006,0.7659999999999999,0.6920000000000001,924998.0,38576510.0,27.954,0.67,845037.0,0.612,0.081,12.3,samples tested,1380004385.0,450.41900000000004,28.2,5.989,3.4139999999999997,69.66
2020-08-28,3463972.0,76472.0,69753.0,62550.0,1021.0,965.143,2510.117,55.413999999999994,50.545,45.326,0.74,0.6990000000000001,901338.0,39477848.0,28.607,0.653,858659.0,0.622,0.081,12.3,samples tested,1380004385.0,450.41900000000004,28.2,5.989,3.4139999999999997,69.66
2020-08-29,3542733.0,78761.0,71113.286,63498.0,948.0,970.2860000000001,2567.19,57.073,51.531000000000006,46.013000000000005,0.687,0.703,928761.0,40406609.0,29.28,0.6729999999999999,845077.0,0.612,0.084,11.9,samples tested,1380004385.0,450.41900000000004,28.2,5.989,3.4139999999999997,69.66
2020-08-30,3621245.0,78512.0,73556.714,64469.0,971.0,989.571,2624.0820000000003,56.893,53.302,46.717,0.7040000000000001,0.7170000000000001,1055027.0,41461636.0,30.045,0.765,881345.0,0.639,0.083,12.0,samples tested,1380004385.0,450.41900000000004,28.2,5.989,3.4139999999999997,69.66
2020-08-31,3691166.0,69921.0,74834.714,65288.0,819.0,985.429,2674.7490000000003,50.667,54.228,47.31,0.593,0.7140000000000001,846278.0,42307914.0,30.658,0.613,915111.0,0.6629999999999999,0.08199999999999999,12.2,samples tested,1380004385.0,450.41900000000004,28.2,5.989,3.4139999999999997,69.66
2020-09-01,3769523.0,78357.0,77853.714,66333.0,1045.0,996.571,2731.53,56.78,56.416000000000004,48.067,0.757,0.722,1016920.0,43324834.0,31.395,0.737,928188.0,0.6729999999999999,0.084,11.9,samples tested,1380004385.0,450.41900000000004,28.2,5.989,3.4139999999999997,69.66
2020-09-02,3853406.0,83883.0,77596.0,67376.0,1043.0,986.2860000000001,2792.3140000000003,60.785,56.229,48.823,0.7559999999999999,0.715,1012367.0,44337201.0,32.128,0.7340000000000001,955098.0,0.6920000000000001,0.081,12.3,samples tested,1380004385.0,450.41900000000004,28.2,5.989,3.4139999999999997,69.66
2020-09-03,3936747.0,83341.0,78463.857,68472.0,1096.0,991.857,2852.7059999999997,60.391999999999996,56.858000000000004,49.617,0.794,0.7190000000000001,1172179.0,45509380.0,32.978,0.8490000000000001,990410.0,0.718,0.079,12.6,samples tested,1380004385.0,450.41900000000004,28.2,5.989,3.4139999999999997,69.66
2020-09-04,4023179.0,86432.0,79886.714,69561.0,1089.0,1001.571,2915.3379999999997,62.632,57.888999999999996,50.406000000000006,0.789,0.726,1169765.0,46679145.0,33.825,0.848,1028757.0,0.745,0.078,12.9,samples tested,1380004385.0,450.41900000000004,28.2,5.989,3.4139999999999997,69.66
2020-09-05,4113811.0,90632.0,81582.571,70626.0,1065.0,1018.2860000000001,2981.013,65.675,59.118,51.178000000000004,0.772,0.738,1059346.0,47738491.0,34.593,0.768,1047412.0,0.759,0.078,12.8,samples tested,1380004385.0,450.41900000000004,28.2,5.989,3.4139999999999997,69.66
2020-09-06,4204613.0,90802.0,83338.286,71642.0,1016.0,1024.714,3046.8109999999997,65.798,60.39,51.913999999999994,0.736,0.743,1092654.0,48831145.0,35.385,0.792,1052787.0,0.763,0.079,12.6,samples tested,1380004385.0,450.41900000000004,28.2,5.989,3.4139999999999997,69.66
2020-09-07,4280422.0,75809.0,84179.429,72775.0,1133.0,1069.5710000000001,3101.745,54.934,60.998999999999995,52.735,0.821,0.775,720362.0,49551507.0,35.907,0.522,1034799.0,0.75,0.081,12.3,samples tested,1380004385.0,450.41900000000004,28.2,5.989,3.4139999999999997,69.66
2020-09-08,4370128.0,89706.0,85800.714,73890.0,1115.0,1079.5710000000001,3166.7490000000003,65.00399999999999,62.174,53.543,0.8079999999999999,0.782,1098621.0,50650128.0,36.703,0.7959999999999999,1046471.0,0.758,0.08199999999999999,12.2,samples tested,1380004385.0,450.41900000000004,28.2,5.989,3.4139999999999997,69.66
2020-09-09,4465863.0,95735.0,87493.85699999999,75062.0,1172.0,1098.0,3236.1220000000003,69.373,63.401,54.393,0.8490000000000001,0.7959999999999999,1154549.0,51804677.0,37.54,0.8370000000000001,1066782.0,0.773,0.08199999999999999,12.2,samples tested,1380004385.0,450.41900000000004,28.2,5.989,3.4139999999999997,69.66
2020-09-10,4562414.0,96551.0,89381.0,76271.0,1209.0,1114.143,3306.087,69.964,64.76899999999999,55.269,0.8759999999999999,0.807,1129756.0,52934433.0,38.358000000000004,0.8190000000000001,1060722.0,0.769,0.084,11.9,samples tested,1380004385.0,450.41900000000004,28.2,5.989,3.4139999999999997,69.66
2020-09-11,4659984.0,97570.0,90972.14300000001,77472.0,1201.0,1130.143,3376.789,70.703,65.922,56.138999999999996,0.87,0.8190000000000001,1163542.0,54097975.0,39.201,0.843,1059833.0,0.768,0.086,11.7,samples tested,1380004385.0,450.41900000000004,28.2,5.989,3.4139999999999997,69.66
2020-09-12,4754356.0,94372.0,91506.429,78586.0,1114.0,1137.143,3445.175,68.385,66.309,56.946000000000005,0.807,0.8240000000000001,1091251.0,55189226.0,39.992,0.7909999999999999,1064391.0,0.7709999999999999,0.086,11.6,samples tested,1380004385.0,450.41900000000004,28.2,5.989,3.4139999999999997,69.66
2020-09-13,4846427.0,92071.0,91687.714,79722.0,1136.0,1154.286,3511.8920000000003,66.718,66.44,57.769,0.823,0.836,1071702.0,56260928.0,40.769,0.777,1061398.0,0.769,0.086,11.6,samples tested,1380004385.0,450.41900000000004,28.2,5.989,3.4139999999999997,69.66
2020-09-14,4930236.0,83809.0,92830.571,80776.0,1054.0,1143.0,3572.623,60.731,67.268,58.533,0.764,0.828,978500.0,57239428.0,41.478,0.7090000000000001,1098274.0,0.7959999999999999,0.085,11.8,samples tested,1380004385.0,450.41900000000004,28.2,5.989,3.4139999999999997,69.66
2020-09-15,5020359.0,90123.0,92890.14300000001,82066.0,1290.0,1168.0,3637.93,65.306,67.311,59.468,0.935,0.846,1072845.0,58312273.0,42.255,0.777,1094592.0,0.7929999999999999,0.085,11.8,samples tested,1380004385.0,450.41900000000004,28.2,5.989,3.4139999999999997,69.66
2020-09-16,5118253.0,97894.0,93198.571,83198.0,1132.0,1162.286,3708.867,70.937,67.535,60.288000000000004,0.82,0.8420000000000001,1116842.0,59429115.0,43.06399999999999,0.809,1089205.0,0.789,0.086,11.7,samples tested,1380004385.0,450.41900000000004,28.2,5.989,3.4139999999999997,69.66
2020-09-17,5214677.0,96424.0,93180.429,84372.0,1174.0,1157.286,3778.739,69.872,67.52199999999999,61.138999999999996,0.851,0.8390000000000001,1136613.0,60565728.0,43.888000000000005,0.8240000000000001,1090185.0,0.79,0.085,11.7,samples tested,1380004385.0,450.41900000000004,28.2,5.989,3.4139999999999997,69.66
2020-09-18,5308014.0,93337.0,92575.714,85619.0,1247.0,1163.857,3846.375,67.635,67.084,62.043,0.904,0.843,1006615.0,61572343.0,44.617,0.7290000000000001,1067767.0,0.774,0.087,11.5,samples tested,1380004385.0,450.41900000000004,28.2,5.989,3.4139999999999997,69.66
2020-09-19,5400619.0,92605.0,92323.286,86752.0,1133.0,1166.5710000000001,3913.48,67.105,66.90100000000001,62.864,0.821,0.845,881911.0,62454254.0,45.257,0.639,1037861.0,0.752,0.08900000000000001,11.2,samples tested,1380004385.0,450.41900000000004,28.2,5.989,3.4139999999999997,69.66
2020-09-20,5487580.0,86961.0,91593.286,87882.0,1130.0,1165.714,3976.495,63.015,66.372,63.681999999999995,0.8190000000000001,0.845,1206806.0,63661060.0,46.131,0.8740000000000001,1057162.0,0.7659999999999999,0.087,11.5,samples tested,1380004385.0,450.41900000000004,28.2,5.989,3.4139999999999997,69.66
2020-09-21,5562663.0,75083.0,90346.714,88935.0,1053.0,1165.5710000000001,4030.902,54.408,65.468,64.445,0.763,0.845,731534.0,64392594.0,46.661,0.53,1021881.0,0.74,0.08800000000000001,11.3,samples tested,1380004385.0,450.41900000000004,28.2,5.989,3.4139999999999997,69.66
2020-09-22,5646010.0,83347.0,89378.714,90020.0,1085.0,1136.286,4091.2990000000004,60.396,64.767,65.232,0.7859999999999999,0.823,933185.0,65325779.0,47.336999999999996,0.6759999999999999,1001929.0,0.726,0.08900000000000001,11.2,samples tested,1380004385.0,450.41900000000004,28.2,5.989,3.4139999999999997,69.66
2020-09-23,5732518.0,86508.0,87752.14300000001,91149.0,1129.0,1135.857,4153.985,62.687,63.588,66.05,0.818,0.823,953683.0,66279462.0,48.028,0.691,978621.0,0.7090000000000001,0.09,11.2,samples tested,1380004385.0,450.41900000000004,28.2,5.989,3.4139999999999997,69.66
2020-09-24,5818570.0,86052.0,86270.429,92290.0,1141.0,1131.143,4216.342000000001,62.356,62.515,66.877,0.8270000000000001,0.82,1156569.0,67436031.0,48.867,0.838,981472.0,0.711,0.08800000000000001,11.4,samples tested,1380004385.0,450.41900000000004,28.2,5.989,3.4139999999999997,69.66
2020-09-25,5903932.0,85362.0,85131.14300000001,93379.0,1089.0,1108.5710000000001,4278.198,61.856,61.68899999999999,67.666,0.789,0.8029999999999999,1492409.0,68928440.0,49.948,1.081,1050871.0,0.7609999999999999,0.081,12.3,samples tested,1380004385.0,450.41900000000004,28.2,5.989,3.4139999999999997,69.66
2020-09-26,5992532.0,88600.0,84559.0,94503.0,1124.0,1107.286,4342.401,64.203,61.273999999999994,68.48,0.8140000000000001,0.802,1341535.0,70269975.0,50.92,0.972,1116532.0,0.809,0.076,13.2,samples tested,1380004385.0,450.41900000000004,28.2,5.989,3.4139999999999997,69.66
2020-09-27,6074702.0,82170.0,83874.571,95542.0,1039.0,1094.286,4401.944,59.543,60.778,69.233,0.753,0.7929999999999999,987861.0,71257836.0,51.636,0.716,1085254.0,0.7859999999999999,0.077,12.9,samples tested,1380004385.0,450.41900000000004,28.2,5.989,3.4139999999999997,69.66
2020-09-28,6145291.0,70589.0,83232.571,96318.0,776.0,1054.714,4453.095,51.151,60.313,69.795,0.562,0.764,709394.0,71967230.0,52.15,0.514,1082091.0,0.784,0.077,13.0,samples tested,1380004385.0,450.41900000000004,28.2,5.989,3.4139999999999997,69.66
2020-09-29,6225763.0,80472.0,82821.857,97497.0,1179.0,1068.143,4511.407999999999,58.313,60.016000000000005,70.65,0.8540000000000001,0.774,1142811.0,73110041.0,52.978,0.828,1112037.0,0.8059999999999999,0.07400000000000001,13.4,samples tested,1380004385.0,450.41900000000004,28.2,5.989,3.4139999999999997,69.66
2020-09-30,6312584.0,86821.0,82866.571,98678.0,1181.0,1075.5710000000001,4574.322,62.913999999999994,60.048,71.506,0.856,0.779,1086688.0,74196729.0,53.766000000000005,0.787,1131038.0,0.82,0.073,13.6,samples tested,1380004385.0,450.41900000000004,28.2,5.989,3.4139999999999997,69.66
2020-10-01,6394068.0,81484.0,82214.0,99773.0,1095.0,1069.0,4633.3679999999995,59.04600000000001,59.575,72.29899999999999,0.7929999999999999,0.775,1423052.0,75619781.0,54.797,1.031,1169107.0,0.847,0.07,14.2,samples tested,1380004385.0,450.41900000000004,28.2,5.989,3.4139999999999997,69.66
2020-10-02,6473544.0,79476.0,81373.143,100842.0,1069.0,1066.143,4690.959,57.591,58.966,73.074,0.775,0.773,1097947.0,76717728.0,55.592,0.7959999999999999,1112755.0,0.8059999999999999,0.073,13.7,samples tested,1380004385.0,450.41900000000004,28.2,5.989,3.4139999999999997,69.66
2020-10-03,6549373.0,75829.0,79548.714,101782.0,940.0,1039.857,4745.907,54.948,57.644,73.755,0.6809999999999999,0.754,1132675.0,77850403.0,56.413000000000004,0.821,1082918.0,0.785,0.073,13.6,samples tested,1380004385.0,450.41900000000004,28.2,5.989,3.4139999999999997,69.66
2020-10-04,6623815.0,74442.0,78444.714,102685.0,903.0,1020.429,4799.851,53.943000000000005,56.843999999999994,74.40899999999999,0.654,0.7390000000000001,1142131.0,78992534.0,57.24100000000001,0.828,1104957.0,0.8009999999999999,0.071,14.1,samples tested,1380004385.0,450.41900000000004,28.2,5.989,3.4139999999999997,69.66
2020-10-05,6685082.0,61267.0,77113.0,103569.0,884.0,1035.857,4844.247,44.396,55.879,75.05,0.6409999999999999,0.7509999999999999,989860.0,79982394.0,57.958,0.7170000000000001,1145023.0,0.83,0.067,14.8,samples tested,1380004385.0,450.41900000000004,28.2,5.989,3.4139999999999997,69.66
2020-10-06,6757131.0,72049.0,75909.714,104555.0,986.0,1008.2860000000001,4896.456,52.208999999999996,55.007,75.764,0.7140000000000001,0.731,1089403.0,81071797.0,58.747,0.789,1137394.0,0.8240000000000001,0.067,15.0,samples tested,1380004385.0,450.41900000000004,28.2,5.989,3.4139999999999997,69.66
2020-10-07,6835655.0,78524.0,74724.429,105526.0,971.0,978.2860000000001,4953.357,56.901,54.148,76.468,0.7040000000000001,0.7090000000000001,1199857.0,82271654.0,59.617,0.8690000000000001,1153561.0,0.836,0.065,15.4,samples tested,1380004385.0,450.41900000000004,28.2,5.989,3.4139999999999997,69.66
2020-10-08,6906151.0,70496.0,73154.714,106490.0,964.0,959.571,5004.441,51.083999999999996,53.01,77.166,0.6990000000000001,0.695,1194321.0,83465975.0,60.482,0.865,1120885.0,0.812,0.065,15.3,samples tested,1380004385.0,450.41900000000004,28.2,5.989,3.4139999999999997,69.66
2020-10-09,6979423.0,73272.0,72268.429,107416.0,926.0,939.143,5057.537,53.095,52.368,77.837,0.6709999999999999,0.6809999999999999,1168705.0,84634680.0,61.32899999999999,0.847,1130993.0,0.82,0.064,15.6,samples tested,1380004385.0,450.41900000000004,28.2,5.989,3.4139999999999997,69.66
2020-10-10,7053806.0,74383.0,72061.857,108334.0,918.0,936.0,5111.437,53.901,52.218999999999994,78.503,0.665,0.6779999999999999,1164018.0,85798698.0,62.173,0.843,1135471.0,0.823,0.063,15.8,samples tested,1380004385.0,450.41900000000004,28.2,5.989,3.4139999999999997,69.66
2020-10-11,7120538.0,66732.0,70960.429,109150.0,816.0,923.571,5159.794,48.356,51.42,79.094,0.591,0.669,1078544.0,86877242.0,62.95399999999999,0.782,1126387.0,0.816,0.063,15.9,samples tested,1380004385.0,450.41900000000004,28.2,5.989,3.4139999999999997,69.66
2020-10-12,7175880.0,55342.0,70114.0,109856.0,706.0,898.143,5199.897,40.103,50.806999999999995,79.60600000000001,0.512,0.6509999999999999,994851.0,87872093.0,63.675,0.721,1127100.0,0.8170000000000001,0.062,16.1,samples tested,1380004385.0,450.41900000000004,28.2,5.989,3.4139999999999997,69.66
2020-10-13,7239389.0,63509.0,68894.0,110586.0,730.0,861.571,5245.9169999999995,46.021,49.923,80.135,0.529,0.624,1073014.0,88945107.0,64.453,0.778,1124759.0,0.815,0.061,16.3,samples tested,1380004385.0,450.41900000000004,28.2,5.989,3.4139999999999997,69.66
2020-10-14,7307097.0,67708.0,67348.857,111266.0,680.0,820.0,5294.981,49.06399999999999,48.803000000000004,80.627,0.493,0.594,1145015.0,90090122.0,65.282,0.83,1116924.0,0.809,0.06,16.6,samples tested,1380004385.0,450.41900000000004,28.2,5.989,3.4139999999999997,69.66
2020-10-15,7370468.0,63371.0,66331.0,112161.0,895.0,810.143,5340.901999999999,45.92100000000001,48.066,81.27600000000001,0.649,0.5870000000000001,1136183.0,91226305.0,66.10600000000001,0.823,1108619.0,0.8029999999999999,0.06,16.7,samples tested,1380004385.0,450.41900000000004,28.2,5.989,3.4139999999999997,69.66
2020-10-16,7432680.0,62212.0,64751.0,112998.0,837.0,797.429,5385.983,45.081,46.92100000000001,81.882,0.607,0.578,1028622.0,92254927.0,66.851,0.745,1088607.0,0.789,0.059000000000000004,16.8,samples tested,1380004385.0,450.41900000000004,28.2,5.989,3.4139999999999997,69.66
2020-10-17,7494551.0,61871.0,62963.570999999996,114031.0,1033.0,813.857,5430.816999999999,44.833999999999996,45.626000000000005,82.631,0.7490000000000001,0.59,999090.0,93254017.0,67.575,0.7240000000000001,1065046.0,0.772,0.059000000000000004,16.9,samples tested,1380004385.0,450.41900000000004,28.2,5.989,3.4139999999999997,69.66
2020-10-18,7550273.0,55722.0,61390.71400000001,114610.0,579.0,780.0,5471.195,40.378,44.486000000000004,83.05,0.42,0.565,970173.0,94224190.0,68.278,0.703,1049564.0,0.7609999999999999,0.057999999999999996,17.1,samples tested,1380004385.0,450.41900000000004,28.2,5.989,3.4139999999999997,69.66
2020-10-19,7597063.0,46790.0,60169.0,115197.0,587.0,763.0,5505.101,33.906,43.601000000000006,83.476,0.425,0.5529999999999999,859786.0,95083976.0,68.90100000000001,0.623,1030269.0,0.747,0.057999999999999996,17.1,samples tested,1380004385.0,450.41900000000004,28.2,5.989,3.4139999999999997,69.66
2020-10-20,7651107.0,54044.0,58816.857,115914.0,717.0,761.143,5544.263000000001,39.162,42.621,83.995,0.52,0.552,1032795.0,96116771.0,69.65,0.748,1024523.0,0.742,0.057,17.4,samples tested,1380004385.0,450.41900000000004,28.2,5.989,3.4139999999999997,69.66
2020-10-21,7706946.0,55839.0,57121.28599999999,116616.0,702.0,764.2860000000001,5584.726,40.463,41.391999999999996,84.50399999999999,0.509,0.5539999999999999,1083608.0,97200379.0,70.435,0.785,1015751.0,0.736,0.055999999999999994,17.8,samples tested,1380004385.0,450.41900000000004,28.2,5.989,3.4139999999999997,69.66
2020-10-22,7761312.0,54366.0,55834.857,117306.0,690.0,735.0,5624.121,39.396,40.46,85.00399999999999,0.5,0.5329999999999999,1469984.0,98670363.0,71.5,1.065,1063437.0,0.7709999999999999,0.053,19.0,samples tested,1380004385.0,450.41900000000004,28.2,5.989,3.4139999999999997,69.66
2020-10-23,7814682.0,53370.0,54571.71400000001,117956.0,650.0,708.2860000000001,5662.795,38.674,39.545,85.475,0.47100000000000003,0.513,1442722.0,100113085.0,72.545,1.045,1122594.0,0.813,0.049,20.6,samples tested,1380004385.0,450.41900000000004,28.2,5.989,3.4139999999999997,69.66
2020-10-24,7864811.0,50129.0,52894.28599999999,118534.0,578.0,643.286,5699.12,36.325,38.329,85.89399999999999,0.419,0.466,1269479.0,101382564.0,73.465,0.92,1161221.0,0.841,0.046,22.0,samples tested,1380004385.0,450.41900000000004,28.2,5.989,3.4139999999999997,69.66
2020-10-25,7909959.0,45148.0,51383.71400000001,119014.0,480.0,629.143,5731.835999999999,32.716,37.234,86.242,0.348,0.456,1140905.0,102523469.0,74.292,0.8270000000000001,1185611.0,0.8590000000000001,0.043,23.1,samples tested,1380004385.0,450.41900000000004,28.2,5.989,3.4139999999999997,69.66
2020-10-26,7946429.0,36470.0,49909.429000000004,119502.0,488.0,615.0,5758.264,26.427,36.166,86.595,0.354,0.446,939309.0,103462778.0,74.973,0.6809999999999999,1196972.0,0.867,0.042,24.0,samples tested,1380004385.0,450.41900000000004,28.2,5.989,3.4139999999999997,69.66
2020-10-27,7990322.0,43893.0,48459.28599999999,120010.0,508.0,585.143,5790.07,31.805999999999997,35.115,86.963,0.368,0.424,958116.0,104420894.0,75.667,0.6940000000000001,1186303.0,0.86,0.040999999999999995,24.5,samples tested,1380004385.0,450.41900000000004,28.2,5.989,3.4139999999999997,69.66
2020-10-28,8040203.0,49881.0,47608.143,120527.0,517.0,558.714,5826.215999999999,36.146,34.499,87.338,0.375,0.405,1066786.0,105487680.0,76.44,0.773,1183900.0,0.858,0.04,24.9,samples tested,1380004385.0,450.41900000000004,28.2,5.989,3.4139999999999997,69.66
2020-10-29,8088851.0,48648.0,46791.28599999999,121090.0,563.0,540.571,5861.468000000001,35.251999999999995,33.907,87.74600000000001,0.408,0.392,1075760.0,106563440.0,77.22,0.78,1127582.0,0.8170000000000001,0.040999999999999995,24.1,samples tested,1380004385.0,450.41900000000004,28.2,5.989,3.4139999999999997,69.66
2020-10-30,8137119.0,48268.0,46062.429000000004,121641.0,551.0,526.429,5896.444,34.977,33.378,88.145,0.39899999999999997,0.381,1164648.0,107728088.0,78.064,0.8440000000000001,1087858.0,0.7879999999999999,0.042,23.6,samples tested,1380004385.0,450.41900000000004,28.2,5.989,3.4139999999999997,69.66
2020-10-31,8184082.0,46963.0,45610.143,122111.0,470.0,511.0,5930.475,34.031,33.051,88.486,0.341,0.37,1067976.0,108796064.0,78.837,0.774,1059071.0,0.767,0.043,23.2,samples tested,1380004385.0,450.41900000000004,28.2,5.989,3.4139999999999997,69.66
2020-11-01,8229313.0,45231.0,45622.0,122607.0,496.0,513.286,5963.251,32.775999999999996,33.059,88.845,0.359,0.37200000000000005,1091239.0,109887303.0,79.628,0.7909999999999999,1051976.0,0.762,0.043,23.1,samples tested,1380004385.0,450.41900000000004,28.2,5.989,3.4139999999999997,69.66
2020-11-02,8267623.0,38310.0,45884.857,123097.0,490.0,513.571,5991.012,27.761,33.25,89.2,0.355,0.37200000000000005,855800.0,110743103.0,80.248,0.62,1040046.0,0.754,0.044000000000000004,22.7,samples tested,1380004385.0,450.41900000000004,28.2,5.989,3.4139999999999997,69.66
2020-11-03,8313876.0,46253.0,46222.0,123611.0,514.0,514.429,6024.529,33.516999999999996,33.494,89.573,0.37200000000000005,0.373,1046247.0,111789350.0,81.007,0.758,1052637.0,0.763,0.044000000000000004,22.8,samples tested,1380004385.0,450.41900000000004,28.2,5.989,3.4139999999999997,69.66
2020-11-04,8364086.0,50210.0,46269.0,124315.0,704.0,541.143,6060.9130000000005,36.384,33.528,90.083,0.51,0.392,1209609.0,112998959.0,81.883,0.877,1073040.0,0.778,0.043,23.2,samples tested,1380004385.0,450.41900000000004,28.2,5.989,3.4139999999999997,69.66
2020-11-05,8411724.0,47638.0,46124.71400000001,124985.0,670.0,556.429,6095.433000000001,34.52,33.424,90.569,0.486,0.40299999999999997,1209425.0,114208384.0,82.759,0.8759999999999999,1092135.0,0.7909999999999999,0.042,23.7,samples tested,1380004385.0,450.41900000000004,28.2,5.989,3.4139999999999997,69.66
2020-11-06,8462080.0,50356.0,46423.0,125562.0,577.0,560.143,6131.923000000001,36.49,33.64,90.98700000000001,0.418,0.406,1220711.0,115429095.0,83.64399999999999,0.885,1100144.0,0.797,0.042,23.7,samples tested,1380004385.0,450.41900000000004,28.2,5.989,3.4139999999999997,69.66
2020-11-07,8507754.0,45674.0,46238.857,126121.0,559.0,572.857,6165.02,33.097,33.506,91.39200000000001,0.405,0.415,1113209.0,116542304.0,84.45100000000001,0.807,1106606.0,0.802,0.042,23.9,samples tested,1380004385.0,450.41900000000004,28.2,5.989,3.4139999999999997,69.66
2020-11-08,8553657.0,45903.0,46334.857,126611.0,490.0,572.0,6198.281999999999,33.263000000000005,33.576,91.74700000000001,0.355,0.414,1194487.0,117736791.0,85.316,0.866,1121355.0,0.813,0.040999999999999995,24.2,samples tested,1380004385.0,450.41900000000004,28.2,5.989,3.4139999999999997,69.66
2020-11-09,8591730.0,38073.0,46301.0,127059.0,448.0,566.0,6225.871999999999,27.589000000000002,33.551,92.071,0.325,0.41,835401.0,118572192.0,85.92200000000001,0.605,1118441.0,0.81,0.040999999999999995,24.2,samples tested,1380004385.0,450.41900000000004,28.2,5.989,3.4139999999999997,69.66
2020-11-10,8636011.0,44281.0,46019.28599999999,127571.0,512.0,565.714,6257.959,32.088,33.347,92.44200000000001,0.371,0.41,1043665.0,119615857.0,86.678,0.7559999999999999,1118072.0,0.81,0.040999999999999995,24.3,samples tested,1380004385.0,450.41900000000004,28.2,5.989,3.4139999999999997,69.66
2020-11-11,8683916.0,47905.0,45690.0,128121.0,550.0,543.714,6292.673000000001,34.714,33.109,92.84100000000001,0.39899999999999997,0.39399999999999996,1153294.0,120769151.0,87.514,0.836,1110027.0,0.804,0.040999999999999995,24.3,samples tested,1380004385.0,450.41900000000004,28.2,5.989,3.4139999999999997,69.66
2020-11-12,8728795.0,44879.0,45295.857,128668.0,547.0,526.143,6325.194,32.521,32.823,93.23700000000001,0.396,0.381,1193358.0,121962509.0,88.37799999999999,0.865,1107732.0,0.8029999999999999,0.040999999999999995,24.5,samples tested,1380004385.0,450.41900000000004,28.2,5.989,3.4139999999999997,69.66
2020-11-13,8773479.0,44684.0,44485.570999999996,129188.0,520.0,518.0,6357.573,32.38,32.236,93.61399999999999,0.377,0.375,1139230.0,123101739.0,89.204,0.826,1096092.0,0.794,0.040999999999999995,24.6,samples tested,1380004385.0,450.41900000000004,28.2,5.989,3.4139999999999997,69.66
2020-11-14,8814579.0,41100.0,43832.143,129635.0,447.0,502.0,6387.356,29.783,31.761999999999997,93.93799999999999,0.324,0.364,929491.0,124031230.0,89.87700000000001,0.674,1069847.0,0.775,0.040999999999999995,24.4,samples tested,1380004385.0,450.41900000000004,28.2,5.989,3.4139999999999997,69.66
2020-11-15,8845127.0,30548.0,41638.571,130070.0,435.0,494.14300000000003,6409.491999999999,22.136,30.173000000000002,94.25299999999999,0.315,0.358,805589.0,124836819.0,90.461,0.584,1014290.0,0.735,0.040999999999999995,24.4,samples tested,1380004385.0,450.41900000000004,28.2,5.989,3.4139999999999997,69.66
2020-11-16,8874290.0,29163.0,40365.714,130519.0,449.0,494.286,6430.624,21.133000000000003,29.25,94.579,0.325,0.358,861706.0,125698525.0,91.086,0.624,1018048.0,0.738,0.04,25.2,samples tested,1380004385.0,450.41900000000004,28.2,5.989,3.4139999999999997,69.66
2020-11-17,8912907.0,38617.0,39556.571,130993.0,474.0,488.85699999999997,6458.608,27.983,28.664,94.92200000000001,0.34299999999999997,0.354,844382.0,126542907.0,91.697,0.612,989579.0,0.7170000000000001,0.04,25.0,samples tested,1380004385.0,450.41900000000004,28.2,5.989,3.4139999999999997,69.66
2020-11-18,8958483.0,45576.0,39223.857,131578.0,585.0,493.85699999999997,6491.634,33.025999999999996,28.423000000000002,95.346,0.424,0.358,937279.0,127480186.0,92.37700000000001,0.679,958719.0,0.695,0.040999999999999995,24.4,samples tested,1380004385.0,450.41900000000004,28.2,5.989,3.4139999999999997,69.66
2020-11-19,9004365.0,45882.0,39367.143,132162.0,584.0,499.14300000000003,6524.880999999999,33.248000000000005,28.526999999999997,95.76899999999999,0.423,0.36200000000000004,1028203.0,128508389.0,93.12200000000001,0.745,935126.0,0.6779999999999999,0.042,23.8,samples tested,1380004385.0,450.41900000000004,28.2,5.989,3.4139999999999997,69.66
2020-11-20,9050597.0,46232.0,39588.286,132726.0,564.0,505.42900000000003,6558.383000000001,33.501,28.686999999999998,96.178,0.409,0.366,1083397.0,129591786.0,93.90700000000001,0.785,927150.0,0.672,0.043,23.4,samples tested,1380004385.0,450.41900000000004,28.2,5.989,3.4139999999999997,69.66
2020-11-21,9095806.0,45209.0,40175.286,133227.0,501.0,513.143,6591.143,32.76,29.112,96.541,0.363,0.37200000000000005,1066022.0,130657808.0,94.679,0.772,946654.0,0.6859999999999999,0.042,23.6,samples tested,1380004385.0,450.41900000000004,28.2,5.989,3.4139999999999997,69.66
2020-11-22,9139865.0,44059.0,42105.429000000004,133738.0,511.0,524.0,6623.07,31.927,30.511,96.911,0.37,0.38,1075326.0,131733134.0,95.458,0.779,985188.0,0.7140000000000001,0.043,23.4,samples tested,1380004385.0,450.41900000000004,28.2,5.989,3.4139999999999997,69.66
2020-11-23,9177840.0,37975.0,43364.28599999999,134218.0,480.0,528.429,6650.588000000001,27.518,31.423000000000002,97.259,0.348,0.38299999999999995,849596.0,132582730.0,96.074,0.616,983458.0,0.713,0.044000000000000004,22.7,samples tested,1380004385.0,450.41900000000004,28.2,5.989,3.4139999999999997,69.66
2020-11-24,9222216.0,44376.0,44187.0,134699.0,481.0,529.429,6682.744000000001,32.156,32.019,97.60799999999999,0.349,0.384,1099545.0,133682275.0,96.87100000000001,0.797,1019910.0,0.7390000000000001,0.043,23.1,samples tested,1380004385.0,450.41900000000004,28.2,5.989,3.4139999999999997,69.66
2020-11-25,9266705.0,44489.0,44031.71400000001,135223.0,524.0,520.714,6714.982,32.238,31.906999999999996,97.98700000000001,0.38,0.377,1159032.0,134841307.0,97.711,0.84,1051589.0,0.762,0.042,23.9,samples tested,1380004385.0,450.41900000000004,28.2,5.989,3.4139999999999997,69.66
2020-11-26,9309787.0,43082.0,43631.71400000001,135715.0,492.0,507.57099999999997,6746.201,31.219,31.616999999999997,98.344,0.35700000000000004,0.368,1090238.0,135931545.0,98.501,0.79,1060451.0,0.768,0.040999999999999995,24.3,samples tested,1380004385.0,450.41900000000004,28.2,5.989,3.4139999999999997,69.66
2020-11-27,9351109.0,41322.0,42930.28599999999,136200.0,485.0,496.286,6776.144,29.943,31.109,98.695,0.35100000000000003,0.36,1131204.0,137062749.0,99.321,0.82,1067280.0,0.773,0.04,24.9,samples tested,1380004385.0,450.41900000000004,28.2,5.989,3.4139999999999997,69.66
2020-11-28,9392919.0,41810.0,42444.71400000001,136696.0,496.0,495.57099999999997,6806.441,30.296999999999997,30.756999999999998,99.055,0.359,0.359,1157605.0,138220354.0,100.15899999999999,0.8390000000000001,1080364.0,0.7829999999999999,0.039,25.5,samples tested,1380004385.0,450.41900000000004,28.2,5.989,3.4139999999999997,69.66
2020-11-29,9431691.0,38772.0,41689.429,137139.0,443.0,485.85699999999997,6834.536999999999,28.096,30.21,99.376,0.321,0.35200000000000004,1283449.0,139503803.0,101.089,0.93,1110096.0,0.804,0.038,26.6,samples tested,1380004385.0,450.41900000000004,28.2,5.989,3.4139999999999997,69.66
2020-11-30,9462809.0,31118.0,40709.857,137621.0,482.0,486.14300000000003,6857.085999999999,22.549,29.5,99.725,0.349,0.35200000000000004,876173.0,140379976.0,101.72399999999999,0.635,1113892.0,0.807,0.037000000000000005,27.4,samples tested,1380004385.0,450.41900000000004,28.2,5.989,3.4139999999999997,69.66
2020-12-01,9499413.0,36604.0,39599.571,138122.0,501.0,489.0,6883.611,26.525,28.695,100.088,0.363,0.354,969322.0,141349298.0,102.427,0.7020000000000001,1095289.0,0.794,0.036000000000000004,27.7,samples tested,1380004385.0,450.41900000000004,28.2,5.989,3.4139999999999997,69.66
2020-12-02,9534964.0,35551.0,38322.714,138648.0,526.0,489.286,6909.371999999999,25.761999999999997,27.77,100.469,0.381,0.355,1096651.0,142445949.0,103.221,0.795,1086377.0,0.787,0.035,28.3,samples tested,1380004385.0,450.41900000000004,28.2,5.989,3.4139999999999997,69.66
2020-12-03,9571559.0,36595.0,37396.0,139188.0,540.0,496.14300000000003,6935.89,26.518,27.098000000000003,100.861,0.391,0.36,1111698.0,143557647.0,104.027,0.8059999999999999,1089443.0,0.789,0.034,29.1,samples tested,1380004385.0,450.41900000000004,28.2,5.989,3.4139999999999997,69.66
2020-12-04,9608211.0,36652.0,36728.857,139700.0,512.0,500.0,6962.45,26.559,26.615,101.23200000000001,0.371,0.36200000000000004,1170102.0,144727749.0,104.875,0.848,1095000.0,0.7929999999999999,0.034,29.8,samples tested,1380004385.0,450.41900000000004,28.2,5.989,3.4139999999999997,69.66
2020-12-05,9644222.0,36011.0,35900.429,140182.0,482.0,498.0,6988.544,26.095,26.015,101.581,0.349,0.361,1157763.0,145885512.0,105.714,0.8390000000000001,1095023.0,0.7929999999999999,0.033,30.5,samples tested,1380004385.0,450.41900000000004,28.2,5.989,3.4139999999999997,69.66
2020-12-06,9677203.0,32981.0,35073.143,140573.0,391.0,490.57099999999997,7012.444,23.899,25.415,101.86399999999999,0.28300000000000003,0.355,1101063.0,146986575.0,106.512,0.7979999999999999,1068967.0,0.775,0.033,30.5,samples tested,1380004385.0,450.41900000000004,28.2,5.989,3.4139999999999997,69.66
2020-12-07,9703770.0,26567.0,34423.0,140958.0,385.0,476.714,7031.695,19.250999999999998,24.944000000000003,102.14299999999999,0.27899999999999997,0.345,801081.0,147787656.0,107.09200000000001,0.58,1058240.0,0.767,0.033,30.7,samples tested,1380004385.0,450.41900000000004,28.2,5.989,3.4139999999999997,69.66
2020-12-08,9735850.0,32080.0,33776.714,141360.0,402.0,462.57099999999997,7054.941,23.246,24.476,102.434,0.29100000000000004,0.335,1026399.0,148814055.0,107.836,0.7440000000000001,1066394.0,0.773,0.032,31.6,samples tested,1380004385.0,450.41900000000004,28.2,5.989,3.4139999999999997,69.66
2020-12-09,9767371.0,31521.0,33201.0,141772.0,412.0,446.286,7077.783,22.840999999999998,24.059,102.73299999999999,0.299,0.32299999999999995,1022712.0,149836767.0,108.57700000000001,0.741,1055831.0,0.765,0.031,31.8,samples tested,1380004385.0,450.41900000000004,28.2,5.989,3.4139999999999997,69.66
2020-12-10,9796744.0,29373.0,32169.286,142185.0,413.0,428.14300000000003,7099.066999999999,21.285,23.311,103.03200000000001,0.299,0.31,922959.0,150759726.0,109.24600000000001,0.669,1028868.0,0.746,0.031,32.0,samples tested,1380004385.0,450.41900000000004,28.2,5.989,3.4139999999999997,69.66
2020-12-11,9826775.0,30031.0,31223.429,142628.0,443.0,418.286,7120.829000000001,21.761999999999997,22.625999999999998,103.353,0.321,0.303,,,,,1000116.0,0.725,0.031,32.0,samples tested,1380004385.0,450.41900000000004,28.2,5.989,3.4139999999999997,69.66
2020-12-12,9857029.0,30254.0,30401.0,143019.0,391.0,405.286,7142.7519999999995,21.923000000000002,22.03,103.637,0.28300000000000003,0.294,,152697399.0,110.65,,973127.0,0.705,0.031,32.0,samples tested,1380004385.0,450.41900000000004,28.2,5.989,3.4139999999999997,69.66
2020-12-13,9884100.0,27071.0,29556.714,143355.0,336.0,397.42900000000003,7162.369000000001,19.617,21.418000000000003,103.88,0.243,0.28800000000000003,1014434.0,153711833.0,111.385,0.735,960751.0,0.696,0.031,32.5,samples tested,1380004385.0,450.41900000000004,28.2,5.989,3.4139999999999997,69.66
2020-12-14,9906165.0,22065.0,28913.571,143709.0,354.0,393.0,7178.358,15.989,20.951999999999998,104.137,0.257,0.285,855157.0,154566990.0,112.005,0.62,968476.0,0.7020000000000001,0.03,33.5,samples tested,1380004385.0,450.41900000000004,28.2,5.989,3.4139999999999997,69.66
2020-12-15,9932547.0,26382.0,28099.571,144096.0,387.0,390.85699999999997,7197.475,19.117,20.362000000000002,104.417,0.28,0.28300000000000003,993665.0,155560655.0,112.725,0.72,963800.0,0.698,0.028999999999999998,34.3,samples tested,1380004385.0,450.41900000000004,28.2,5.989,3.4139999999999997,69.66
2020-12-16,9956557.0,24010.0,27026.571,144451.0,355.0,382.714,7214.8730000000005,17.398,19.584,104.67399999999999,0.257,0.27699999999999997,1085625.0,156646280.0,113.51100000000001,0.787,972788.0,0.705,0.027999999999999997,36.0,samples tested,1380004385.0,450.41900000000004,28.2,5.989,3.4139999999999997,69.66
2020-12-17,9979447.0,22890.0,26100.429,144789.0,338.0,372.0,7231.46,16.587,18.913,104.919,0.245,0.27,1158960.0,157805240.0,114.351,0.84,1006502.0,0.7290000000000001,0.026000000000000002,38.6,samples tested,1380004385.0,450.41900000000004,28.2,5.989,3.4139999999999997,69.66
2020-12-18,10004599.0,25152.0,25403.429,145136.0,347.0,358.286,7249.686,18.226,18.408,105.171,0.251,0.26,1113406.0,158918646.0,115.15799999999999,0.807,1027155.0,0.7440000000000001,0.025,40.4,samples tested,1380004385.0,450.41900000000004,28.2,5.989,3.4139999999999997,69.66
2020-12-19,10031223.0,26624.0,24884.857000000004,145477.0,341.0,351.14300000000003,7268.979,19.293,18.032,105.41799999999999,0.247,0.254,1171868.0,160090514.0,116.007,0.8490000000000001,1056159.0,0.765,0.024,42.4,samples tested,1380004385.0,450.41900000000004,28.2,5.989,3.4139999999999997,69.66
2020-12-20,10055560.0,24337.0,24494.286,145810.0,333.0,350.714,7286.615,17.635,17.749000000000002,105.65899999999999,0.24100000000000002,0.254,1107681.0,161198195.0,116.81,0.8029999999999999,1069480.0,0.775,0.023,43.7,samples tested,1380004385.0,450.41900000000004,28.2,5.989,3.4139999999999997,69.66
2020-12-21,10075116.0,19556.0,24135.857000000004,146111.0,301.0,343.14300000000003,7300.785,14.171,17.49,105.87700000000001,0.218,0.249,900134.0,162098329.0,117.462,0.652,1075906.0,0.78,0.022000000000000002,44.6,samples tested,1380004385.0,450.41900000000004,28.2,5.989,3.4139999999999997,69.66
2020-12-22,10099066.0,23950.0,23788.429,146444.0,333.0,335.42900000000003,7318.141,17.355,17.238,106.119,0.24100000000000002,0.243,1072228.0,163170557.0,118.23899999999999,0.777,1087129.0,0.7879999999999999,0.022000000000000002,45.7,samples tested,1380004385.0,450.41900000000004,28.2,5.989,3.4139999999999997,69.66
2020-12-23,10123778.0,24712.0,23888.714,146756.0,312.0,329.286,7336.048000000001,17.907,17.311,106.345,0.226,0.239,1098164.0,164268721.0,119.035,0.7959999999999999,1088920.0,0.789,0.022000000000000002,45.6,samples tested,1380004385.0,450.41900000000004,28.2,5.989,3.4139999999999997,69.66
2020-12-24,10146845.0,23067.0,23914.0,147092.0,336.0,329.0,7352.763000000001,16.715,17.329,106.588,0.243,0.23800000000000002,1039645.0,165308366.0,119.788,0.753,1071875.0,0.777,0.022000000000000002,44.8,samples tested,1380004385.0,450.41900000000004,28.2,5.989,3.4139999999999997,69.66
2020-12-25,10169118.0,22273.0,23502.714,147343.0,251.0,315.286,7368.903,16.14,17.031,106.77,0.182,0.228,997396.0,166305762.0,120.51100000000001,0.723,1055302.0,0.765,0.022000000000000002,44.9,samples tested,1380004385.0,450.41900000000004,28.2,5.989,3.4139999999999997,69.66
2020-12-26,10187850.0,18732.0,22375.286,147622.0,279.0,306.42900000000003,7382.477,13.574000000000002,16.214000000000002,106.97200000000001,0.20199999999999999,0.222,853527.0,167159289.0,121.13,0.618,1009825.0,0.732,0.022000000000000002,45.1,samples tested,1380004385.0,450.41900000000004,28.2,5.989,3.4139999999999997,69.66
2020-12-27,10207871.0,20021.0,21758.714,147901.0,279.0,298.714,7396.984,14.508,15.767000000000001,107.17399999999999,0.20199999999999999,0.21600000000000003,943368.0,168102657.0,121.81299999999999,0.684,986352.0,0.715,0.022000000000000002,45.3,samples tested,1380004385.0,450.41900000000004,28.2,5.989,3.4139999999999997,69.66
2020-12-28,10224303.0,16432.0,21312.429,148153.0,252.0,291.714,7408.892,11.907,15.444,107.35700000000001,0.183,0.21100000000000002,715397.0,168818054.0,122.33200000000001,0.518,959961.0,0.696,0.022000000000000002,45.0,samples tested,1380004385.0,450.41900000000004,28.2,5.989,3.4139999999999997,69.66
2020-12-29,10244852.0,20549.0,20826.571,148439.0,286.0,285.0,7423.781999999999,14.890999999999998,15.092,107.564,0.207,0.207,983695.0,169801749.0,123.044,0.713,947313.0,0.6859999999999999,0.022000000000000002,45.5,samples tested,1380004385.0,450.41900000000004,28.2,5.989,3.4139999999999997,69.66
2020-12-30,10266674.0,21822.0,20413.714,148738.0,299.0,283.143,7439.595,15.812999999999999,14.792,107.781,0.217,0.205,1120281.0,170922030.0,123.85600000000001,0.812,950473.0,0.6890000000000001,0.021,46.6,samples tested,1380004385.0,450.41900000000004,28.2,5.989,3.4139999999999997,69.66
2020-12-31,10266674.0,0.0,17118.429,148738.0,0.0,235.143,7439.595,0.0,12.405,107.781,0.0,0.17,1127244.0,172049274.0,124.67299999999999,0.8170000000000001,962987.0,0.698,0.018000000000000002,56.3,samples tested,1380004385.0,450.41900000000004,28.2,5.989,3.4139999999999997,69.66
2021-01-01,10286709.0,20035.0,16798.714,148994.0,256.0,235.857,7454.113,14.517999999999999,12.173,107.96600000000001,0.18600000000000003,0.171,1062420.0,173111694.0,125.443,0.77,972276.0,0.705,0.017,57.9,samples tested,1380004385.0,450.41900000000004,28.2,5.989,3.4139999999999997,69.66
2021-01-02,10323965.0,37256.0,19445.0,149435.0,441.0,259.0,7481.11,26.997,14.091,108.286,0.32,0.188,829964.0,173941658.0,126.044,0.601,968910.0,0.7020000000000001,0.02,49.8,samples tested,1380004385.0,450.41900000000004,28.2,5.989,3.4139999999999997,69.66
2021-01-03,10340469.0,16504.0,18942.571,149649.0,214.0,249.71400000000003,7493.07,11.959000000000001,13.725999999999999,108.441,0.155,0.18100000000000002,958125.0,174899783.0,126.73899999999999,0.6940000000000001,971018.0,0.7040000000000001,0.02,51.3,samples tested,1380004385.0,450.41900000000004,28.2,5.989,3.4139999999999997,69.66
2021-01-04,10356844.0,16375.0,18934.429,149850.0,201.0,242.429,7504.936,11.866,13.720999999999998,108.587,0.146,0.17600000000000002,735978.0,175635761.0,127.272,0.5329999999999999,973958.0,0.706,0.019,51.4,samples tested,1380004385.0,450.41900000000004,28.2,5.989,3.4139999999999997,69.66
2021-01-05,10374932.0,18088.0,18582.857,150114.0,264.0,239.28599999999997,7518.043000000001,13.107000000000001,13.466,108.77799999999999,0.191,0.17300000000000001,896236.0,176531997.0,127.921,0.649,961464.0,0.6970000000000001,0.019,51.7,samples tested,1380004385.0,450.41900000000004,28.2,5.989,3.4139999999999997,69.66
2021-01-06,10395278.0,20346.0,18372.0,150336.0,222.0,228.28599999999997,7532.786,14.743,13.312999999999999,108.939,0.161,0.165,931408.0,177463405.0,128.596,0.675,934482.0,0.677,0.02,50.9,samples tested,1380004385.0,450.41900000000004,28.2,5.989,3.4139999999999997,69.66
2021-01-07,10413417.0,18139.0,20963.286,150570.0,234.0,261.714,7545.93,13.144,15.190999999999999,109.10799999999999,0.17,0.19,937590.0,178400995.0,129.276,0.679,907389.0,0.6579999999999999,0.023,43.3,samples tested,1380004385.0,450.41900000000004,28.2,5.989,3.4139999999999997,69.66
2021-01-08,10413417.0,0.0,18101.143,150570.0,0.0,225.143,7545.93,0.0,13.117,109.10799999999999,0.0,0.163,935369.0,179336364.0,129.953,0.6779999999999999,889239.0,0.644,0.02,49.1,samples tested,1380004385.0,450.41900000000004,28.2,5.989,3.4139999999999997,69.66
2021-01-09,10450284.0,36867.0,18045.571,150999.0,429.0,223.429,7572.646,26.715,13.075999999999999,109.419,0.311,0.162,916951.0,180253315.0,130.618,0.664,901665.0,0.653,0.02,50.0,samples tested,1380004385.0,450.41900000000004,28.2,5.989,3.4139999999999997,69.66
2021-01-10,10466595.0,16311.0,18018.0,151160.0,161.0,215.857,7584.465,11.82,13.056,109.536,0.11699999999999999,0.156,843307.0,181096622.0,131.22899999999998,0.611,885263.0,0.6409999999999999,0.02,49.1,samples tested,1380004385.0,450.41900000000004,28.2,5.989,3.4139999999999997,69.66
2021-01-11,10479179.0,12584.0,17476.429,151327.0,167.0,211.0,7593.584,9.119,12.664000000000001,109.65700000000001,0.121,0.153,,,,,,,,,,1380004385.0,450.41900000000004,28.2,5.989,3.4139999999999997,69.66
